company_id,domain,domain_type,verified,source,source_url,evidence_confidence,evidence_count,evidence_types,claim_status,steward_company_id,first_seen_at,last_verified_at
11-bit-studios,11bitstudios.com,primary_website,false,wikidata,https://www.wikidata.org/wiki/Property:P856,unknown,0,,resolved,11-bit-studios,,
123rf,123rf.com,primary_website,false,wikidata,https://www.wikidata.org/wiki/Property:P856,unknown,0,,resolved,123rf,,
1xbet,1xbet.com,primary_website,false,wikidata,https://www.wikidata.org/wiki/Property:P856,unknown,0,,resolved,1xbet,,
2015-inc,2015games.net,primary_website,false,wikidata,https://www.wikidata.org/wiki/Property:P856,unknown,0,,resolved,2015-inc,,
3d-systems,3dsystems.com,primary_website,false,wikidata,https://www.wikidata.org/wiki/Property:P856,unknown,0,,resolved,3d-systems,,
3m,3m.com,primary_website,false,wikidata,https://www.wikidata.org/wiki/Property:P856,unknown,0,,resolved,3m,,
7-eleven,7-eleven.com,primary_website,false,wikidata,https://www.wikidata.org/wiki/Property:P856,unknown,0,,resolved,7-eleven,,
888casino,888casino.com,primary_website,false,wikidata,https://www.wikidata.org/wiki/Property:P856,unknown,0,,resolved,888casino,,
888poker,888poker.com,primary_website,false,wikidata,https://www.wikidata.org/wiki/Property:P856,unknown,0,,resolved,888poker,,
888sport,888sport.com,primary_website,false,wikidata,https://www.wikidata.org/wiki/Property:P856,unknown,0,,resolved,888sport,,
99acres,99acres.com,primary_website,false,wikidata,https://www.wikidata.org/wiki/Property:P856,unknown,0,,resolved,99acres,,
9-air,9air.com,primary_website,false,wikidata,https://www.wikidata.org/wiki/Property:P856,unknown,0,,resolved,9-air,,
9gag,9gag.com,primary_website,false,wikidata,https://www.wikidata.org/wiki/Property:P856,unknown,0,,resolved,9gag,,
a24,a24films.com,primary_website,false,wikidata,https://www.wikidata.org/wiki/Property:P856,unknown,0,,resolved,a24,,
a4tech,a4tech.com,primary_website,false,wikidata,https://www.wikidata.org/wiki/Property:P856,unknown,0,,resolved,a4tech,,
american-airlines,aa.com,primary_website,false,wikidata,https://www.wikidata.org/wiki/Property:P856,unknown,0,,resolved,american-airlines,,
american-automobile-association,aaa.com,primary_website,false,wikidata,https://www.wikidata.org/wiki/Property:P856,unknown,0,,resolved,american-automobile-association,,
aakash-educational-services,aakash.ac.in,primary_website,false,wikidata,https://www.wikidata.org/wiki/Property:P856,unknown,0,,resolved,aakash-educational-services,,
anheuser-busch-inbev,ab-inbev.com,primary_website,false,wikidata,https://www.wikidata.org/wiki/Property:P856,unknown,0,,resolved,anheuser-busch-inbev,,
abarth,abarth.com,primary_website,false,wikidata,https://www.wikidata.org/wiki/Property:P856,unknown,0,,resolved,abarth,,
abbey-dawn,abbeydawn.com,primary_website,false,wikidata,https://www.wikidata.org/wiki/Property:P856,unknown,0,,resolved,abbey-dawn,,
abbott,abbott.com,primary_website,false,wikidata,https://www.wikidata.org/wiki/Property:P856,unknown,0,,resolved,abbott,,
abbvie,abbvie.com,primary_website,false,wikidata,https://www.wikidata.org/wiki/Property:P856,unknown,0,,resolved,abbvie,,
abbyy,abbyy.com,primary_website,false,wikidata,https://www.wikidata.org/wiki/Property:P856,unknown,0,,resolved,abbyy,,
alphabet,abc.xyz,primary_website,false,curated,https://www.wikidata.org/wiki/Q20800404,low,1,external_reputable,resolved,alphabet,,
agricultural-bank-of-china,abchina.com,primary_website,false,wikidata,https://www.wikidata.org/wiki/Property:P856,unknown,0,,resolved,agricultural-bank-of-china,,
abebooks,abebooks.com,primary_website,false,wikidata,https://www.wikidata.org/wiki/Property:P856,unknown,0,,resolved,abebooks,,
abengoa,abengoa.com,primary_website,false,wikidata,https://www.wikidata.org/wiki/Property:P856,unknown,0,,resolved,abengoa,,
abercrombie-fitch,abercrombie.com,primary_website,false,wikidata,https://www.wikidata.org/wiki/Property:P856,unknown,0,,resolved,abercrombie-fitch,,
abertis,abertis.com,primary_website,false,wikidata,https://www.wikidata.org/wiki/Property:P856,unknown,0,,resolved,abertis,,
associated-british-foods,abf.co.uk,primary_website,false,wikidata,https://www.wikidata.org/wiki/Property:P856,unknown,0,,resolved,associated-british-foods,,
abn-amro,abnamro.com,primary_website,false,wikidata,https://www.wikidata.org/wiki/Property:P856,unknown,0,,resolved,abn-amro,,
absa-group-limited,absa.africa,primary_website,false,wikidata,https://www.wikidata.org/wiki/Property:P856,unknown,0,,resolved,absa-group-limited,,
abus,abus.com,primary_website,false,wikidata,https://www.wikidata.org/wiki/Property:P856,unknown,0,,resolved,abus,,
abx-air,abxair.com,primary_website,false,wikidata,https://www.wikidata.org/wiki/Property:P856,unknown,0,,resolved,abx-air,,
accenture,accenture.com,primary_website,false,wikidata,https://www.wikidata.org/wiki/Property:P856,unknown,0,,resolved,accenture,,
access,access-company.com,primary_website,false,wikidata,https://www.wikidata.org/wiki/Property:P856,unknown,0,,resolved,access,,
access-industries,accessindustries.com,primary_website,false,wikidata,https://www.wikidata.org/wiki/Property:P856,unknown,0,,resolved,access-industries,,
acciona,acciona.com,primary_website,false,wikidata,https://www.wikidata.org/wiki/Property:P856,unknown,0,,resolved,acciona,,
accor,accor.com,primary_website,false,wikidata,https://www.wikidata.org/wiki/Property:P856,unknown,0,,resolved,accor,,
accuphase,accuphase.co.jp,primary_website,false,wikidata,https://www.wikidata.org/wiki/Property:P856,unknown,0,,resolved,accuphase,,
accuracy-international,accuracyinternational.com,primary_website,false,wikidata,https://www.wikidata.org/wiki/Property:P856,unknown,0,,resolved,accuracy-international,,
accuweather,accuweather.com,primary_website,false,wikidata,https://www.wikidata.org/wiki/Property:P856,unknown,0,,resolved,accuweather,,
ace-hardware,acehardware.com,primary_website,false,wikidata,https://www.wikidata.org/wiki/Property:P856,unknown,0,,resolved,ace-hardware,,
acer,acer.com,primary_website,false,wikidata,https://www.wikidata.org/wiki/Property:P856,unknown,0,,resolved,acer,,
acerinox,acerinox.com,primary_website,false,wikidata,https://www.wikidata.org/wiki/Property:P856,unknown,0,,resolved,acerinox,,
achema-ab,achema.com,primary_website,false,wikidata,https://www.wikidata.org/wiki/Property:P856,unknown,0,,resolved,achema-ab,,
acme-technologies-example,acmetech.io,primary_website,false,example,https://www.wikidata.org/wiki/Q4830453,unknown,0,,resolved,acme-technologies-example,,
acne-studios,acnestudios.com,primary_website,false,wikidata,https://www.wikidata.org/wiki/Property:P856,unknown,0,,resolved,acne-studios,,
acronis,acronis.com,primary_website,false,wikidata,https://www.wikidata.org/wiki/Property:P856,unknown,0,,resolved,acronis,,
actelion,actelion.com,primary_website,false,wikidata,https://www.wikidata.org/wiki/Property:P856,unknown,0,,resolved,actelion,,
action,action.com,primary_website,false,wikidata,https://www.wikidata.org/wiki/Property:P856,unknown,0,,resolved,action,,
activision-blizzard,activisionblizzard.com,primary_website,false,wikidata,https://www.wikidata.org/wiki/Property:P856,unknown,0,,resolved,activision-blizzard,,
adafruit-industries,adafruit.com,primary_website,false,wikidata,https://www.wikidata.org/wiki/Property:P856,unknown,0,,resolved,adafruit-industries,,
adama-agricultural-solutions-ltd,adama.com,primary_website,false,wikidata,https://www.wikidata.org/wiki/Property:P856,unknown,0,,resolved,adama-agricultural-solutions-ltd,,
adani-group,adani.com,primary_website,false,wikidata,https://www.wikidata.org/wiki/Property:P856,unknown,0,,resolved,adani-group,,
adani-enterprises,adanienterprises.com,primary_website,false,wikidata,https://www.wikidata.org/wiki/Property:P856,unknown,0,,resolved,adani-enterprises,,
adani-ports-and-sez,adaniports.com,primary_website,false,wikidata,https://www.wikidata.org/wiki/Property:P856,unknown,0,,resolved,adani-ports-and-sez,,
adaptec,adaptec.com,primary_website,false,wikidata,https://www.wikidata.org/wiki/Property:P856,unknown,0,,resolved,adaptec,,
adata,adata.com,primary_website,false,wikidata,https://www.wikidata.org/wiki/Property:P856,unknown,0,,resolved,adata,,
asian-development-bank,adb.org,primary_website,false,wikidata,https://www.wikidata.org/wiki/Property:P856,unknown,0,,resolved,asian-development-bank,,
adidas,adidas.com,primary_website,false,wikidata,https://www.wikidata.org/wiki/Property:P856,unknown,0,,resolved,adidas,,
adient,adient.com,primary_website,false,wikidata,https://www.wikidata.org/wiki/Property:P856,unknown,0,,resolved,adient,,
aditya-birla-group,adityabirla.com,primary_website,false,wikidata,https://www.wikidata.org/wiki/Property:P856,unknown,0,,resolved,aditya-birla-group,,
archer-daniels-midland,adm.com,primary_website,false,wikidata,https://www.wikidata.org/wiki/Property:P856,unknown,0,,resolved,archer-daniels-midland,,
admiral-group,admiralgroup.co.uk,primary_website,false,wikidata,https://www.wikidata.org/wiki/Property:P856,unknown,0,,resolved,admiral-group,,
adobe,adobe.com,primary_website,false,wikidata,https://www.wikidata.org/wiki/Property:P856,unknown,0,,resolved,adobe,,
automatic-data-processing,adp.com,primary_website,false,wikidata,https://www.wikidata.org/wiki/Property:P856,unknown,0,,resolved,automatic-data-processing,,
advantest,advantest.com,primary_website,false,wikidata,https://www.wikidata.org/wiki/Property:P856,unknown,0,,resolved,advantest,,
advent-international,adventinternational.com,primary_website,false,wikidata,https://www.wikidata.org/wiki/Property:P856,unknown,0,,resolved,advent-international,,
adweek,adweek.com,primary_website,false,wikidata,https://www.wikidata.org/wiki/Property:P856,unknown,0,,resolved,adweek,,
adyen,adyen.com,primary_website,false,wikidata,https://www.wikidata.org/wiki/Property:P856,unknown,0,,resolved,adyen,,
aecom,aecom.com,primary_website,false,wikidata,https://www.wikidata.org/wiki/Property:P856,unknown,0,,resolved,aecom,,
aegean-airlines,aegeanair.com,primary_website,false,wikidata,https://www.wikidata.org/wiki/Property:P856,unknown,0,,resolved,aegean-airlines,,
aegon,aegon.com,primary_website,false,wikidata,https://www.wikidata.org/wiki/Property:P856,unknown,0,,resolved,aegon,,
aeon,aeon.info,primary_website,false,wikidata,https://www.wikidata.org/wiki/Property:P856,unknown,0,,resolved,aeon,,
american-electric-power,aep.com,primary_website,false,wikidata,https://www.wikidata.org/wiki/Property:P856,unknown,0,,resolved,american-electric-power,,
aercap,aercap.com,primary_website,false,wikidata,https://www.wikidata.org/wiki/Property:P856,unknown,0,,resolved,aercap,,
aer-lingus,aerlingus.com,primary_website,false,wikidata,https://www.wikidata.org/wiki/Property:P856,unknown,0,,resolved,aer-lingus,,
aeroflot,aeroflot.com,primary_website,false,wikidata,https://www.wikidata.org/wiki/Property:P856,unknown,0,,resolved,aeroflot,,
aerogaviota,aerogaviota.com,primary_website,false,wikidata,https://www.wikidata.org/wiki/Property:P856,unknown,0,,resolved,aerogaviota,,
aeroitalia,aeroitalia.com,primary_website,false,wikidata,https://www.wikidata.org/wiki/Property:P856,unknown,0,,resolved,aeroitalia,,
aerom-xico,aeromexico.com,primary_website,false,wikidata,https://www.wikidata.org/wiki/Property:P856,unknown,0,,resolved,aerom-xico,,
aeropostal-alas-de-venezuela,aeropostal.com,primary_website,false,wikidata,https://www.wikidata.org/wiki/Property:P856,unknown,0,,resolved,aeropostal-alas-de-venezuela,,
aes-corporation,aes.com,primary_website,false,wikidata,https://www.wikidata.org/wiki/Property:P856,unknown,0,,resolved,aes-corporation,,
aetna,aetna.com,primary_website,false,wikidata,https://www.wikidata.org/wiki/Property:P856,unknown,0,,resolved,aetna,,
affirm,affirm.com,primary_website,false,wikidata,https://www.wikidata.org/wiki/Property:P856,unknown,0,,resolved,affirm,,
affirm-films,affirmfilms.com,primary_website,false,wikidata,https://www.wikidata.org/wiki/Property:P856,unknown,0,,resolved,affirm-films,,
aflac,aflac.com,primary_website,false,wikidata,https://www.wikidata.org/wiki/Property:P856,unknown,0,,resolved,aflac,,
african-express-airways,africanexpress.net,primary_website,false,wikidata,https://www.wikidata.org/wiki/Property:P856,unknown,0,,resolved,african-express-airways,,
a-g-barr,agbarr.co.uk,primary_website,false,wikidata,https://www.wikidata.org/wiki/Property:P856,unknown,0,,resolved,a-g-barr,,
agc,agc.com,primary_website,false,wikidata,https://www.wikidata.org/wiki/Property:P856,unknown,0,,resolved,agc,,
agco,agcocorp.com,primary_website,false,wikidata,https://www.wikidata.org/wiki/Property:P856,unknown,0,,resolved,agco,,
ageas,ageas.com,primary_website,false,wikidata,https://www.wikidata.org/wiki/Property:P856,unknown,0,,resolved,ageas,,
agent-provocateur,agentprovocateur.com,primary_website,false,wikidata,https://www.wikidata.org/wiki/Property:P856,unknown,0,,resolved,agent-provocateur,,
agfa-gevaert,agfa.com,primary_website,false,wikidata,https://www.wikidata.org/wiki/Property:P856,unknown,0,,resolved,agfa-gevaert,,
agilent-technologies,agilent.com,primary_website,false,wikidata,https://www.wikidata.org/wiki/Property:P856,unknown,0,,resolved,agilent-technologies,,
agrana,agrana.com,primary_website,false,wikidata,https://www.wikidata.org/wiki/Property:P856,unknown,0,,resolved,agrana,,
agv,agv.com,primary_website,false,wikidata,https://www.wikidata.org/wiki/Property:P856,unknown,0,,resolved,agv,,
ahlstrom-munksj,ahlstrom.com,primary_website,false,wikidata,https://www.wikidata.org/wiki/Property:P856,unknown,0,,resolved,ahlstrom-munksj,,
ahmad-tea,ahmadtea.com,primary_website,false,wikidata,https://www.wikidata.org/wiki/Property:P856,unknown,0,,resolved,ahmad-tea,,
ahold-delhaize,aholddelhaize.com,primary_website,false,wikidata,https://www.wikidata.org/wiki/Property:P856,unknown,0,,resolved,ahold-delhaize,,
aia-group,aia.com,primary_website,false,wikidata,https://www.wikidata.org/wiki/Property:P856,unknown,0,,resolved,aia-group,,
aiesec,aiesec.org,primary_website,false,wikidata,https://www.wikidata.org/wiki/Property:P856,unknown,0,,resolved,aiesec,,
american-international-group,aig.com,primary_website,false,wikidata,https://www.wikidata.org/wiki/Property:P856,unknown,0,,resolved,american-international-group,,
aigo,aigo.com,primary_website,false,wikidata,https://www.wikidata.org/wiki/Property:P856,unknown,0,,resolved,aigo,,
aimpoint-ab,aimpoint.com,primary_website,false,wikidata,https://www.wikidata.org/wiki/Property:P856,unknown,0,,resolved,aimpoint-ab,,
air-austral,air-austral.com,primary_website,false,wikidata,https://www.wikidata.org/wiki/Property:P856,unknown,0,,resolved,air-austral,,
airalo,airalo.com,primary_website,false,wikidata,https://www.wikidata.org/wiki/Property:P856,unknown,0,,resolved,airalo,,
air-antilles,airantilles.com,primary_website,false,wikidata,https://www.wikidata.org/wiki/Property:P856,unknown,0,,resolved,air-antilles,,
air-arabia,airarabia.com,primary_website,false,wikidata,https://www.wikidata.org/wiki/Property:P856,unknown,0,,resolved,air-arabia,,
airasia,airasia.com,primary_website,false,wikidata,https://www.wikidata.org/wiki/Property:P856,unknown,0,,resolved,airasia,,
airasia-x,airasiax.com,primary_website,false,wikidata,https://www.wikidata.org/wiki/Property:P856,unknown,0,,resolved,airasia-x,,
air-astana,airastana.com,primary_website,false,wikidata,https://www.wikidata.org/wiki/Property:P856,unknown,0,,resolved,air-astana,,
air-atlanta-icelandic,airatlanta.com,primary_website,false,wikidata,https://www.wikidata.org/wiki/Property:P856,unknown,0,,resolved,air-atlanta-icelandic,,
airbaltic,airbaltic.com,primary_website,false,wikidata,https://www.wikidata.org/wiki/Property:P856,unknown,0,,resolved,airbaltic,,
airblue,airblue.com,primary_website,false,wikidata,https://www.wikidata.org/wiki/Property:P856,unknown,0,,resolved,airblue,,
airbnb,airbnb.com,primary_website,false,wikidata,https://www.wikidata.org/wiki/Property:P856,unknown,0,,resolved,airbnb,,
air-botswana,airbotswana.co.bw,primary_website,false,wikidata,https://www.wikidata.org/wiki/Property:P856,unknown,0,,resolved,air-botswana,,
airbus,airbus.com,primary_website,false,wikidata,https://www.wikidata.org/wiki/Property:P856,unknown,0,,resolved,airbus,,
air-busan,airbusan.com,primary_website,false,wikidata,https://www.wikidata.org/wiki/Property:P856,unknown,0,,resolved,air-busan,,
air-cairo,aircairo.com,primary_website,false,wikidata,https://www.wikidata.org/wiki/Property:P856,unknown,0,,resolved,air-cairo,,
aircalin,aircalin.com,primary_website,false,wikidata,https://www.wikidata.org/wiki/Property:P856,unknown,0,,resolved,aircalin,,
air-canada,aircanada.com,primary_website,false,wikidata,https://www.wikidata.org/wiki/Property:P856,unknown,0,,resolved,air-canada,,
air-century,aircentury.com,primary_website,false,wikidata,https://www.wikidata.org/wiki/Property:P856,unknown,0,,resolved,air-century,,
air-changan,airchangan.com,primary_website,false,wikidata,https://www.wikidata.org/wiki/Property:P856,unknown,0,,resolved,air-changan,,
air-chathams,airchathams.co.nz,primary_website,false,wikidata,https://www.wikidata.org/wiki/Property:P856,unknown,0,,resolved,air-chathams,,
air-china,airchina.com,primary_website,false,wikidata,https://www.wikidata.org/wiki/Property:P856,unknown,0,,resolved,air-china,,
air-corsica,aircorsica.com,primary_website,false,wikidata,https://www.wikidata.org/wiki/Property:P856,unknown,0,,resolved,air-corsica,,
air-dilijans,airdilijans.com,primary_website,false,wikidata,https://www.wikidata.org/wiki/Property:P856,unknown,0,,resolved,air-dilijans,,
airest,airest.aero,primary_website,false,wikidata,https://www.wikidata.org/wiki/Property:P856,unknown,0,,resolved,airest,,
air-europa,aireuropa.com,primary_website,false,wikidata,https://www.wikidata.org/wiki/Property:P856,unknown,0,,resolved,air-europa,,
airfast-indonesia,airfastindonesia.com,primary_website,false,wikidata,https://www.wikidata.org/wiki/Property:P856,unknown,0,,resolved,airfast-indonesia,,
airfix,airfix.com,primary_website,false,wikidata,https://www.wikidata.org/wiki/Property:P856,unknown,0,,resolved,airfix,,
air-france,airfrance.com,primary_website,false,wikidata,https://www.wikidata.org/wiki/Property:P856,unknown,0,,resolved,air-france,,
air-greenland,airgreenland.com,primary_website,false,wikidata,https://www.wikidata.org/wiki/Property:P856,unknown,0,,resolved,air-greenland,,
air-guyane-express,airguyane.com,primary_website,false,wikidata,https://www.wikidata.org/wiki/Property:P856,unknown,0,,resolved,air-guyane-express,,
air-haifa,airhaifa.com,primary_website,false,wikidata,https://www.wikidata.org/wiki/Property:P856,unknown,0,,resolved,air-haifa,,
airhelp,airhelp.com,primary_website,false,wikidata,https://www.wikidata.org/wiki/Property:P856,unknown,0,,resolved,airhelp,,
air-india,airindia.com,primary_website,false,wikidata,https://www.wikidata.org/wiki/Property:P856,unknown,0,,resolved,air-india,,
airkenya-express,airkenya.com,primary_website,false,wikidata,https://www.wikidata.org/wiki/Property:P856,unknown,0,,resolved,airkenya-express,,
air-libya,airlibya.aero,primary_website,false,wikidata,https://www.wikidata.org/wiki/Property:P856,unknown,0,,resolved,air-libya,,
air-liquide,airliquide.com,primary_website,false,wikidata,https://www.wikidata.org/wiki/Property:P856,unknown,0,,resolved,air-liquide,,
air-mandalay,airmandalay.com,primary_website,false,wikidata,https://www.wikidata.org/wiki/Property:P856,unknown,0,,resolved,air-mandalay,,
air-marshall-islands,airmarshallislands.net,primary_website,false,wikidata,https://www.wikidata.org/wiki/Property:P856,unknown,0,,resolved,air-marshall-islands,,
air-mauritius,airmauritius.com,primary_website,false,wikidata,https://www.wikidata.org/wiki/Property:P856,unknown,0,,resolved,air-mauritius,,
air-new-zealand,airnewzealand.co.nz,primary_website,false,wikidata,https://www.wikidata.org/wiki/Property:P856,unknown,0,,resolved,air-new-zealand,,
air-premia,airpremia.com,primary_website,false,wikidata,https://www.wikidata.org/wiki/Property:P856,unknown,0,,resolved,air-premia,,
air-products-chemicals,airproducts.com,primary_website,false,wikidata,https://www.wikidata.org/wiki/Property:P856,unknown,0,,resolved,air-products-chemicals,,
air-rarotonga,airraro.com,primary_website,false,wikidata,https://www.wikidata.org/wiki/Property:P856,unknown,0,,resolved,air-rarotonga,,
air-saint-pierre,airsaintpierre.com,primary_website,false,wikidata,https://www.wikidata.org/wiki/Property:P856,unknown,0,,resolved,air-saint-pierre,,
air-serbia,airserbia.com,primary_website,false,wikidata,https://www.wikidata.org/wiki/Property:P856,unknown,0,,resolved,air-serbia,,
air-service-gabon,airservice.aero,primary_website,false,wikidata,https://www.wikidata.org/wiki/Property:P856,unknown,0,,resolved,air-service-gabon,,
air-seychelles,airseychelles.com,primary_website,false,wikidata,https://www.wikidata.org/wiki/Property:P856,unknown,0,,resolved,air-seychelles,,
airstream,airstream.com,primary_website,false,wikidata,https://www.wikidata.org/wiki/Property:P856,unknown,0,,resolved,airstream,,
associated-independent-recording,airstudios.com,primary_website,false,wikidata,https://www.wikidata.org/wiki/Property:P856,unknown,0,,resolved,associated-independent-recording,,
air-sunshine,airsunshine.com,primary_website,false,wikidata,https://www.wikidata.org/wiki/Property:P856,unknown,0,,resolved,air-sunshine,,
airtable,airtable.com,primary_website,false,wikidata,https://www.wikidata.org/wiki/Property:P856,unknown,0,,resolved,airtable,,
air-tahiti,airtahiti.com,primary_website,false,wikidata,https://www.wikidata.org/wiki/Property:P856,unknown,0,,resolved,air-tahiti,,
air-tahiti-nui,airtahitinui.com,primary_website,false,wikidata,https://www.wikidata.org/wiki/Property:P856,unknown,0,,resolved,air-tahiti-nui,,
airtanker-services-limited,airtanker.co.uk,primary_website,false,wikidata,https://www.wikidata.org/wiki/Property:P856,unknown,0,,resolved,airtanker-services-limited,,
air-tanzania,airtanzania.co.tz,primary_website,false,wikidata,https://www.wikidata.org/wiki/Property:P856,unknown,0,,resolved,air-tanzania,,
bharti-airtel,airtel.in,corporate_email,false,curated,https://www.wikidata.org/wiki/Q854713,low,2,first_party_legal_page;mx_record,resolved,bharti-airtel,,
air-tractor,airtractor.com,primary_website,false,wikidata,https://www.wikidata.org/wiki/Property:P856,unknown,0,,resolved,air-tractor,,
air-transat,airtransat.com,primary_website,false,wikidata,https://www.wikidata.org/wiki/Property:P856,unknown,0,,resolved,air-transat,,
air-vanuatu,airvanuatu.com,primary_website,false,wikidata,https://www.wikidata.org/wiki/Property:P856,unknown,0,,resolved,air-vanuatu,,
air-zimbabwe,airzimbabwe.aero,primary_website,false,wikidata,https://www.wikidata.org/wiki/Property:P856,unknown,0,,resolved,air-zimbabwe,,
advanced-info-service,ais.co.th,primary_website,false,wikidata,https://www.wikidata.org/wiki/Property:P856,unknown,0,,resolved,advanced-info-service,,
aisin-seiki,aisin.com,primary_website,false,wikidata,https://www.wikidata.org/wiki/Property:P856,unknown,0,,resolved,aisin-seiki,,
aixtron-se,aixtron.com,primary_website,false,wikidata,https://www.wikidata.org/wiki/Property:P856,unknown,0,,resolved,aixtron-se,,
ajet,ajet.com,primary_website,false,wikidata,https://www.wikidata.org/wiki/Property:P856,unknown,0,,resolved,ajet,,
ajinomoto,ajinomoto.co.jp,primary_website,false,wikidata,https://www.wikidata.org/wiki/Property:P856,unknown,0,,resolved,ajinomoto,,
ajio,ajio.com,primary_website,false,wikidata,https://www.wikidata.org/wiki/Property:P856,unknown,0,,resolved,ajio,,
akamai-technologies,akamai.com,primary_website,false,wikidata,https://www.wikidata.org/wiki/Property:P856,unknown,0,,resolved,akamai-technologies,,
akasa-air,akasaair.com,primary_website,false,wikidata,https://www.wikidata.org/wiki/Property:P856,unknown,0,,resolved,akasa-air,,
akbank,akbank.com,primary_website,false,wikidata,https://www.wikidata.org/wiki/Property:P856,unknown,0,,resolved,akbank,,
aker,akerasa.com,primary_website,false,wikidata,https://www.wikidata.org/wiki/Property:P856,unknown,0,,resolved,aker,,
aker-solutions,akersolutions.com,primary_website,false,wikidata,https://www.wikidata.org/wiki/Property:P856,unknown,0,,resolved,aker-solutions,,
akg-acoustics,akg.com,primary_website,false,wikidata,https://www.wikidata.org/wiki/Property:P856,unknown,0,,resolved,akg-acoustics,,
akismet,akismet.com,primary_website,false,wikidata,https://www.wikidata.org/wiki/Property:P856,unknown,0,,resolved,akismet,,
akita-shoten,akitashoten.co.jp,primary_website,false,wikidata,https://www.wikidata.org/wiki/Property:P856,unknown,0,,resolved,akita-shoten,,
akom,akomkorea.com,primary_website,false,wikidata,https://www.wikidata.org/wiki/Property:P856,unknown,0,,resolved,akom,,
akrapovi,akrapovic.com,primary_website,false,wikidata,https://www.wikidata.org/wiki/Property:P856,unknown,0,,resolved,akrapovi,,
aksys-games,aksysgames.com,primary_website,false,wikidata,https://www.wikidata.org/wiki/Property:P856,unknown,0,,resolved,aksys-games,,
akwa-group,akwagroup.com,primary_website,false,wikidata,https://www.wikidata.org/wiki/Property:P856,unknown,0,,resolved,akwa-group,,
akzonobel,akzonobel.com,primary_website,false,wikidata,https://www.wikidata.org/wiki/Property:P856,unknown,0,,resolved,akzonobel,,
alaska-airlines,alaskaair.com,primary_website,false,wikidata,https://www.wikidata.org/wiki/Property:P856,unknown,0,,resolved,alaska-airlines,,
al-baraka-banking-group,albaraka.com,primary_website,false,wikidata,https://www.wikidata.org/wiki/Property:P856,unknown,0,,resolved,al-baraka-banking-group,,
albawings,albawings.com,primary_website,false,wikidata,https://www.wikidata.org/wiki/Property:P856,unknown,0,,resolved,albawings,,
albemarle-corporation,albemarle.com,primary_website,false,wikidata,https://www.wikidata.org/wiki/Property:P856,unknown,0,,resolved,albemarle-corporation,,
albertsons-companies,albertsons.com,primary_website,false,wikidata,https://www.wikidata.org/wiki/Property:P856,unknown,0,,resolved,albertsons-companies,,
albertsons,albertsonscompanies.com,primary_website,false,wikidata,https://www.wikidata.org/wiki/Property:P856,unknown,0,,resolved,albertsons,,
alcoa,alcoa.com,primary_website,false,wikidata,https://www.wikidata.org/wiki/Property:P856,unknown,0,,resolved,alcoa,,
alcon,alcon.com,primary_website,false,wikidata,https://www.wikidata.org/wiki/Property:P856,unknown,0,,resolved,alcon,,
alcon-entertainment,alconent.com,primary_website,false,wikidata,https://www.wikidata.org/wiki/Property:P856,unknown,0,,resolved,alcon-entertainment,,
alembic-inc,alembicguitars.com,primary_website,false,wikidata,https://www.wikidata.org/wiki/Property:P856,unknown,0,,resolved,alembic-inc,,
alesis,alesis.com,primary_website,false,wikidata,https://www.wikidata.org/wiki/Property:P856,unknown,0,,resolved,alesis,,
alessi,alessi.com,primary_website,false,wikidata,https://www.wikidata.org/wiki/Property:P856,unknown,0,,resolved,alessi,,
alexander-mcqueen,alexandermcqueen.com,primary_website,false,wikidata,https://www.wikidata.org/wiki/Property:P856,unknown,0,,resolved,alexander-mcqueen,,
alexandria-airlines,alexandriaairlines.net,primary_website,false,wikidata,https://www.wikidata.org/wiki/Property:P856,unknown,0,,resolved,alexandria-airlines,,
alexion-pharmaceuticals,alexion.com,primary_website,false,wikidata,https://www.wikidata.org/wiki/Property:P856,unknown,0,,resolved,alexion-pharmaceuticals,,
alfa-group,alfagroup.org,primary_website,false,wikidata,https://www.wikidata.org/wiki/Property:P856,unknown,0,,resolved,alfa-group,,
alfa-laval,alfalaval.com,primary_website,false,wikidata,https://www.wikidata.org/wiki/Property:P856,unknown,0,,resolved,alfa-laval,,
alfa-romeo,alfaromeo.com,primary_website,false,wikidata,https://www.wikidata.org/wiki/Property:P856,unknown,0,,resolved,alfa-romeo,,
alibaba-group,alibaba.com,primary_website,false,wikidata,https://www.wikidata.org/wiki/Property:P856,unknown,0,,resolved,alibaba-group,,
alibaba-cloud,alibabacloud.com,primary_website,false,wikidata,https://www.wikidata.org/wiki/Property:P856,unknown,0,,resolved,alibaba-cloud,,
alienware,alienware.com,primary_website,false,wikidata,https://www.wikidata.org/wiki/Property:P856,unknown,0,,resolved,alienware,,
aliexpress,aliexpress.com,primary_website,false,wikidata,https://www.wikidata.org/wiki/Property:P856,unknown,0,,resolved,aliexpress,,
al-jazeera-media-network,aljazeera.net,primary_website,false,wikidata,https://www.wikidata.org/wiki/Property:P856,unknown,0,,resolved,al-jazeera-media-network,,
allegiant-air,allegiantair.com,primary_website,false,wikidata,https://www.wikidata.org/wiki/Property:P856,unknown,0,,resolved,allegiant-air,,
all-elite-wrestling,allelitewrestling.com,primary_website,false,wikidata,https://www.wikidata.org/wiki/Property:P856,unknown,0,,resolved,all-elite-wrestling,,
allergan-plc,allergan.com,primary_website,false,wikidata,https://www.wikidata.org/wiki/Property:P856,unknown,0,,resolved,allergan-plc,,
allianz,allianz.com,primary_website,false,wikidata,https://www.wikidata.org/wiki/Property:P856,unknown,0,,resolved,allianz,,
allied-air,alliedairng.com,primary_website,false,wikidata,https://www.wikidata.org/wiki/Property:P856,unknown,0,,resolved,allied-air,,
allison-transmission,allisontransmission.com,primary_website,false,wikidata,https://www.wikidata.org/wiki/Property:P856,unknown,0,,resolved,allison-transmission,,
all-media-network,allmedianetwork.com,primary_website,false,wikidata,https://www.wikidata.org/wiki/Property:P856,unknown,0,,resolved,all-media-network,,
allstate,allstate.com,primary_website,false,wikidata,https://www.wikidata.org/wiki/Property:P856,unknown,0,,resolved,allstate,,
anime-limited,alltheanime.com,primary_website,false,wikidata,https://www.wikidata.org/wiki/Property:P856,unknown,0,,resolved,anime-limited,,
allwinner-technology-co-ltd,allwinnertech.com,primary_website,false,wikidata,https://www.wikidata.org/wiki/Property:P856,unknown,0,,resolved,allwinner-technology-co-ltd,,
ally-financial,ally.com,primary_website,false,wikidata,https://www.wikidata.org/wiki/Property:P856,unknown,0,,resolved,ally-financial,,
almarai-company,almarai.com,primary_website,false,wikidata,https://www.wikidata.org/wiki/Property:P856,unknown,0,,resolved,almarai-company,,
almirall,almirall.com,primary_website,false,wikidata,https://www.wikidata.org/wiki/Property:P856,unknown,0,,resolved,almirall,,
al-naser-airlines,alnaserairlines.com,primary_website,false,wikidata,https://www.wikidata.org/wiki/Property:P856,unknown,0,,resolved,al-naser-airlines,,
aloha-air-cargo,alohaaircargo.com,primary_website,false,wikidata,https://www.wikidata.org/wiki/Property:P856,unknown,0,,resolved,aloha-air-cargo,,
alpha-industries,alphaindustries.com,primary_website,false,wikidata,https://www.wikidata.org/wiki/Property:P856,unknown,0,,resolved,alpha-industries,,
alpine-electronics,alpine.com,primary_website,false,wikidata,https://www.wikidata.org/wiki/Property:P856,unknown,0,,resolved,alpine-electronics,,
alpinestars,alpinestars.com,primary_website,false,wikidata,https://www.wikidata.org/wiki/Property:P856,unknown,0,,resolved,alpinestars,,
alps-alpine,alpsalpine.com,primary_website,false,wikidata,https://www.wikidata.org/wiki/Property:P856,unknown,0,,resolved,alps-alpine,,
altadis,altadis.com,primary_website,false,wikidata,https://www.wikidata.org/wiki/Property:P856,unknown,0,,resolved,altadis,,
altana,altana.com,primary_website,false,wikidata,https://www.wikidata.org/wiki/Property:P856,unknown,0,,resolved,altana,,
altec-lansing,alteclansing.com,primary_website,false,wikidata,https://www.wikidata.org/wiki/Property:P856,unknown,0,,resolved,altec-lansing,,
alten,alten.com,primary_website,false,wikidata,https://www.wikidata.org/wiki/Property:P856,unknown,0,,resolved,alten,,
altera,altera.com,primary_website,false,wikidata,https://www.wikidata.org/wiki/Property:P856,unknown,0,,resolved,altera,,
altice,altice.net,primary_website,false,wikidata,https://www.wikidata.org/wiki/Property:P856,unknown,0,,resolved,altice,,
altium-limited,altium.com,primary_website,false,wikidata,https://www.wikidata.org/wiki/Property:P856,unknown,0,,resolved,altium-limited,,
altria,altria.com,primary_website,false,wikidata,https://www.wikidata.org/wiki/Property:P856,unknown,0,,resolved,altria,,
always,always.com,primary_website,false,wikidata,https://www.wikidata.org/wiki/Property:P856,unknown,0,,resolved,always,,
amada-co,amada.co.jp,primary_website,false,wikidata,https://www.wikidata.org/wiki/Property:P856,unknown,0,,resolved,amada-co,,
amagi,amagi.com,primary_website,false,wikidata,https://www.wikidata.org/wiki/Property:P856,unknown,0,,resolved,amagi,,
amazon,amazon.com,corporate_email,false,curated,https://www.wikidata.org/wiki/Q3884,medium,2,first_party_legal_page;mx_record,resolved,amazon,,
amazon,amazon.in,regional,false,curated,https://www.wikidata.org/wiki/Q3884,low,1,external_reputable,resolved,amazon,,
amblin-partners,amblin.com,primary_website,false,wikidata,https://www.wikidata.org/wiki/Property:P856,unknown,0,,resolved,amblin-partners,,
ambu,ambu.com,primary_website,false,wikidata,https://www.wikidata.org/wiki/Property:P856,unknown,0,,resolved,ambu,,
ambuja-cements,ambujacement.com,primary_website,false,wikidata,https://www.wikidata.org/wiki/Property:P856,unknown,0,,resolved,ambuja-cements,,
amc-airlines,amcairlines.com,primary_website,false,wikidata,https://www.wikidata.org/wiki/Property:P856,unknown,0,,resolved,amc-airlines,,
amc-global-media,amcglobalmedia.com,primary_website,false,wikidata,https://www.wikidata.org/wiki/Property:P856,unknown,0,,resolved,amc-global-media,,
amc-networks-international,amcnetworks.com,primary_website,false,wikidata,https://www.wikidata.org/wiki/Property:P856,unknown,0,,resolved,amc-networks-international,,
amcor,amcor.com,primary_website,false,wikidata,https://www.wikidata.org/wiki/Property:P856,unknown,0,,resolved,amcor,,
amc-theatres,amctheatres.com,primary_website,false,wikidata,https://www.wikidata.org/wiki/Property:P856,unknown,0,,resolved,amc-theatres,,
advanced-micro-devices,amd.com,primary_website,false,wikidata,https://www.wikidata.org/wiki/Property:P856,unknown,0,,resolved,advanced-micro-devices,,
amdocs,amdocs.com,primary_website,false,wikidata,https://www.wikidata.org/wiki/Property:P856,unknown,0,,resolved,amdocs,,
am-rica-m-vil,americamovil.com,primary_website,false,wikidata,https://www.wikidata.org/wiki/Property:P856,unknown,0,,resolved,am-rica-m-vil,,
american-apparel-inc,americanapparel.com,primary_website,false,wikidata,https://www.wikidata.org/wiki/Property:P856,unknown,0,,resolved,american-apparel-inc,,
american-express,americanexpress.com,primary_website,false,wikidata,https://www.wikidata.org/wiki/Property:P856,unknown,0,,resolved,american-express,,
ameriprise-financial,ameriprise.com,primary_website,false,wikidata,https://www.wikidata.org/wiki/Property:P856,unknown,0,,resolved,ameriprise-financial,,
amer-sports,amersports.com,primary_website,false,wikidata,https://www.wikidata.org/wiki/Property:P856,unknown,0,,resolved,amer-sports,,
amgen,amgen.com,primary_website,false,wikidata,https://www.wikidata.org/wiki/Property:P856,unknown,0,,resolved,amgen,,
am-general,amgeneral.com,primary_website,false,wikidata,https://www.wikidata.org/wiki/Property:P856,unknown,0,,resolved,am-general,,
amorepacific-corporation,amorepacific.com,primary_website,false,wikidata,https://www.wikidata.org/wiki/Property:P856,unknown,0,,resolved,amorepacific-corporation,,
ampeg,ampeg.com,primary_website,false,wikidata,https://www.wikidata.org/wiki/Property:P856,unknown,0,,resolved,ampeg,,
ampere-computing,amperecomputing.com,primary_website,false,wikidata,https://www.wikidata.org/wiki/Property:P856,unknown,0,,resolved,ampere-computing,,
ampex,ampex.com,primary_website,false,wikidata,https://www.wikidata.org/wiki/Property:P856,unknown,0,,resolved,ampex,,
amphenol,amphenol.com,primary_website,false,wikidata,https://www.wikidata.org/wiki/Property:P856,unknown,0,,resolved,amphenol,,
ams-osram-ag,ams.com,primary_website,false,wikidata,https://www.wikidata.org/wiki/Property:P856,unknown,0,,resolved,ams-osram-ag,,
amstel-brewery,amstel.com,primary_website,false,wikidata,https://www.wikidata.org/wiki/Property:P856,unknown,0,,resolved,amstel-brewery,,
amul,amul.com,primary_website,false,wikidata,https://www.wikidata.org/wiki/Property:P856,unknown,0,,resolved,amul,,
amundi,amundi.com,primary_website,false,wikidata,https://www.wikidata.org/wiki/Property:P856,unknown,0,,resolved,amundi,,
amuse,amuse.co.jp,primary_website,false,wikidata,https://www.wikidata.org/wiki/Property:P856,unknown,0,,resolved,amuse,,
all-nippon-airways,ana.co.jp,primary_website,false,wikidata,https://www.wikidata.org/wiki/Property:P856,unknown,0,,resolved,all-nippon-airways,,
analog-devices,analog.com,primary_website,false,wikidata,https://www.wikidata.org/wiki/Property:P856,unknown,0,,resolved,analog-devices,,
anarock,anarock.com,primary_website,false,wikidata,https://www.wikidata.org/wiki/Property:P856,unknown,0,,resolved,anarock,,
ancestry-com-inc,ancestry.com,primary_website,false,wikidata,https://www.wikidata.org/wiki/Property:P856,unknown,0,,resolved,ancestry-com-inc,,
anchor,anchordairy.com,primary_website,false,wikidata,https://www.wikidata.org/wiki/Property:P856,unknown,0,,resolved,anchor,,
ancol-dreamland,ancol.com,primary_website,false,wikidata,https://www.wikidata.org/wiki/Property:P856,unknown,0,,resolved,ancol-dreamland,,
andela,andela.com,primary_website,false,wikidata,https://www.wikidata.org/wiki/Property:P856,unknown,0,,resolved,andela,,
andritz,andritz.com,primary_website,false,wikidata,https://www.wikidata.org/wiki/Property:P856,unknown,0,,resolved,andritz,,
anduril-industries,anduril.com,primary_website,false,wikidata,https://www.wikidata.org/wiki/Property:P856,unknown,0,,resolved,anduril-industries,,
angara-airlines,angara.aero,primary_website,false,wikidata,https://www.wikidata.org/wiki/Property:P856,unknown,0,,resolved,angara-airlines,,
angel-one,angelone.in,primary_website,false,wikidata,https://www.wikidata.org/wiki/Property:P856,unknown,0,,resolved,angel-one,,
anglo-american-plc,angloamerican.com,primary_website,false,wikidata,https://www.wikidata.org/wiki/Property:P856,unknown,0,,resolved,anglo-american-plc,,
anglo-american-platinum,angloamericanplatinum.com,primary_website,false,wikidata,https://www.wikidata.org/wiki/Property:P856,unknown,0,,resolved,anglo-american-platinum,,
anglogold-ashanti,anglogoldashanti.com,primary_website,false,wikidata,https://www.wikidata.org/wiki/Property:P856,unknown,0,,resolved,anglogold-ashanti,,
animaccord,animaccord.com,primary_website,false,wikidata,https://www.wikidata.org/wiki/Property:P856,unknown,0,,resolved,animaccord,,
animate,animate.co.jp,primary_website,false,wikidata,https://www.wikidata.org/wiki/Property:P856,unknown,0,,resolved,animate,,
animawings,animawings.com,primary_website,false,wikidata,https://www.wikidata.org/wiki/Property:P856,unknown,0,,resolved,animawings,,
animoca-brands,animocabrands.com,primary_website,false,wikidata,https://www.wikidata.org/wiki/Property:P856,unknown,0,,resolved,animoca-brands,,
animusic,animusic.com,primary_website,false,wikidata,https://www.wikidata.org/wiki/Property:P856,unknown,0,,resolved,animusic,,
ankai,ankai.com,primary_website,false,wikidata,https://www.wikidata.org/wiki/Property:P856,unknown,0,,resolved,ankai,,
anker,anker.com,primary_website,false,wikidata,https://www.wikidata.org/wiki/Property:P856,unknown,0,,resolved,anker,,
ann-summers,annsummers.com,primary_website,false,wikidata,https://www.wikidata.org/wiki/Property:P856,unknown,0,,resolved,ann-summers,,
an-post,anpost.com,primary_website,false,wikidata,https://www.wikidata.org/wiki/Property:P856,unknown,0,,resolved,an-post,,
anritsu,anritsu.com,primary_website,false,wikidata,https://www.wikidata.org/wiki/Property:P856,unknown,0,,resolved,anritsu,,
anta,anta.com,primary_website,false,wikidata,https://www.wikidata.org/wiki/Property:P856,unknown,0,,resolved,anta,,
antec,antec.com,primary_website,false,wikidata,https://www.wikidata.org/wiki/Property:P856,unknown,0,,resolved,antec,,
ant-group,antgroup.com,primary_website,false,wikidata,https://www.wikidata.org/wiki/Property:P856,unknown,0,,resolved,ant-group,,
anthropic,anthropic.com,primary_website,false,wikidata,https://www.wikidata.org/wiki/Property:P856,unknown,0,,resolved,anthropic,,
antofagasta-plc,antofagasta.co.uk,primary_website,false,wikidata,https://www.wikidata.org/wiki/Property:P856,unknown,0,,resolved,antofagasta-plc,,
anz,anz.com.au,primary_website,false,wikidata,https://www.wikidata.org/wiki/Property:P856,unknown,0,,resolved,anz,,
aoc-international,aoc.com,primary_website,false,wikidata,https://www.wikidata.org/wiki/Property:P856,unknown,0,,resolved,aoc-international,,
aon-plc,aon.com,primary_website,false,wikidata,https://www.wikidata.org/wiki/Property:P856,unknown,0,,resolved,aon-plc,,
aoni-production,aoni.co.jp,primary_website,false,wikidata,https://www.wikidata.org/wiki/Property:P856,unknown,0,,resolved,aoni-production,,
aopen,aopen.com,primary_website,false,wikidata,https://www.wikidata.org/wiki/Property:P856,unknown,0,,resolved,aopen,,
a-o-smith,aosmith.com,primary_website,false,wikidata,https://www.wikidata.org/wiki/Property:P856,unknown,0,,resolved,a-o-smith,,
apa-corporation,apachecorp.com,primary_website,false,wikidata,https://www.wikidata.org/wiki/Property:P856,unknown,0,,resolved,apa-corporation,,
apax-partners,apax.com,primary_website,false,wikidata,https://www.wikidata.org/wiki/Property:P856,unknown,0,,resolved,apax-partners,,
aperam,aperam.com,primary_website,false,wikidata,https://www.wikidata.org/wiki/Property:P856,unknown,0,,resolved,aperam,,
american-president-lines,apl.com,primary_website,false,wikidata,https://www.wikidata.org/wiki/Property:P856,unknown,0,,resolved,american-president-lines,,
apollo-global-management,apollo.com,primary_website,false,wikidata,https://www.wikidata.org/wiki/Property:P856,unknown,0,,resolved,apollo-global-management,,
apollo-hospitals,apollohospitals.com,corporate_email,false,curated,https://www.wikidata.org/wiki/Q4780284,low,1,first_party_careers_contact,resolved,apollo-hospitals,,
apollo-tyres,apollotyres.com,primary_website,false,wikidata,https://www.wikidata.org/wiki/Property:P856,unknown,0,,resolved,apollo-tyres,,
apple,apple.com,primary_website,false,wikidata,https://www.wikidata.org/wiki/Property:P856,unknown,0,,resolved,apple,,
apple-records,applerecords.com,primary_website,false,wikidata,https://www.wikidata.org/wiki/Property:P856,unknown,0,,resolved,apple-records,,
applied-materials,appliedmaterials.com,primary_website,false,wikidata,https://www.wikidata.org/wiki/Property:P856,unknown,0,,resolved,applied-materials,,
aprilia-racing,aprilia.com,primary_website,false,wikidata,https://www.wikidata.org/wiki/Property:P856,unknown,0,,resolved,aprilia-racing,,
aptiv,aptiv.com,primary_website,false,wikidata,https://www.wikidata.org/wiki/Property:P856,unknown,0,,resolved,aptiv,,
aquascutum,aquascutum.co.uk,primary_website,false,wikidata,https://www.wikidata.org/wiki/Property:P856,unknown,0,,resolved,aquascutum,,
arab-bank,arabbank.com,primary_website,false,wikidata,https://www.wikidata.org/wiki/Property:P856,unknown,0,,resolved,arab-bank,,
arab-satellite-communications-organization,arabsat.com,primary_website,false,wikidata,https://www.wikidata.org/wiki/Property:P856,unknown,0,,resolved,arab-satellite-communications-organization,,
arai-helmet,araihelmet.com,primary_website,false,wikidata,https://www.wikidata.org/wiki/Property:P856,unknown,0,,resolved,arai-helmet,,
arajet,arajet.com,primary_website,false,wikidata,https://www.wikidata.org/wiki/Property:P856,unknown,0,,resolved,arajet,,
aramark,aramark.com,primary_website,false,wikidata,https://www.wikidata.org/wiki/Property:P856,unknown,0,,resolved,aramark,,
aramco,aramco.com,primary_website,false,wikidata,https://www.wikidata.org/wiki/Property:P856,unknown,0,,resolved,aramco,,
arby-s,arbys.com,primary_website,false,wikidata,https://www.wikidata.org/wiki/Property:P856,unknown,0,,resolved,arby-s,,
arcadis,arcadis.com,primary_website,false,wikidata,https://www.wikidata.org/wiki/Property:P856,unknown,0,,resolved,arcadis,,
arcandor,arcandor.com,primary_website,false,wikidata,https://www.wikidata.org/wiki/Property:P856,unknown,0,,resolved,arcandor,,
arca-space,arcaspace.com,primary_website,false,wikidata,https://www.wikidata.org/wiki/Property:P856,unknown,0,,resolved,arca-space,,
arcelormittal,arcelormittal.com,primary_website,false,wikidata,https://www.wikidata.org/wiki/Property:P856,unknown,0,,resolved,arcelormittal,,
archie-comics,archiecomics.com,primary_website,false,wikidata,https://www.wikidata.org/wiki/Property:P856,unknown,0,,resolved,archie-comics,,
arco,arco.com,primary_website,false,wikidata,https://www.wikidata.org/wiki/Property:P856,unknown,0,,resolved,arco,,
arctic-cat,arcticcat.com,primary_website,false,wikidata,https://www.wikidata.org/wiki/Property:P856,unknown,0,,resolved,arctic-cat,,
arenanet,arena.net,primary_website,false,wikidata,https://www.wikidata.org/wiki/Property:P856,unknown,0,,resolved,arenanet,,
arena,arenasport.com,primary_website,false,wikidata,https://www.wikidata.org/wiki/Property:P856,unknown,0,,resolved,arena,,
argon-18,argon18bike.com,primary_website,false,wikidata,https://www.wikidata.org/wiki/Property:P856,unknown,0,,resolved,argon-18,,
argos,argos.co.uk,primary_website,false,wikidata,https://www.wikidata.org/wiki/Property:P856,unknown,0,,resolved,argos,,
argo-spa,argospa.com,primary_website,false,wikidata,https://www.wikidata.org/wiki/Property:P856,unknown,0,,resolved,argo-spa,,
aria,ariaguitars.com,primary_website,false,wikidata,https://www.wikidata.org/wiki/Property:P856,unknown,0,,resolved,aria,,
ariel-motor-company,arielmotor.co.uk,primary_website,false,wikidata,https://www.wikidata.org/wiki/Property:P856,unknown,0,,resolved,ariel-motor-company,,
arika,arika.co.jp,primary_website,false,wikidata,https://www.wikidata.org/wiki/Property:P856,unknown,0,,resolved,arika,,
arik-air,arikair.com,primary_website,false,wikidata,https://www.wikidata.org/wiki/Property:P856,unknown,0,,resolved,arik-air,,
arista-networks,arista.com,primary_website,false,wikidata,https://www.wikidata.org/wiki/Property:P856,unknown,0,,resolved,arista-networks,,
ariston,aristongroup.com,primary_website,false,wikidata,https://www.wikidata.org/wiki/Property:P856,unknown,0,,resolved,ariston,,
arkia,arkia.com,primary_website,false,wikidata,https://www.wikidata.org/wiki/Property:P856,unknown,0,,resolved,arkia,,
arla-foods,arla.com,primary_website,false,wikidata,https://www.wikidata.org/wiki/Property:P856,unknown,0,,resolved,arla-foods,,
arm,arm.com,primary_website,false,wikidata,https://www.wikidata.org/wiki/Property:P856,unknown,0,,resolved,arm,,
arri,arri.com,primary_website,false,wikidata,https://www.wikidata.org/wiki/Property:P856,unknown,0,,resolved,arri,,
arrinera,arrinera.com,primary_website,false,wikidata,https://www.wikidata.org/wiki/Property:P856,unknown,0,,resolved,arrinera,,
arris-group,arris.com,primary_website,false,wikidata,https://www.wikidata.org/wiki/Property:P856,unknown,0,,resolved,arris-group,,
arriva,arriva.co.uk,primary_website,false,wikidata,https://www.wikidata.org/wiki/Property:P856,unknown,0,,resolved,arriva,,
arrow-electronics,arrow.com,primary_website,false,wikidata,https://www.wikidata.org/wiki/Property:P856,unknown,0,,resolved,arrow-electronics,,
art-basel,artbasel.com,primary_website,false,wikidata,https://www.wikidata.org/wiki/Property:P856,unknown,0,,resolved,art-basel,,
art-lebedev-studio,artlebedev.com,primary_website,false,wikidata,https://www.wikidata.org/wiki/Property:P856,unknown,0,,resolved,art-lebedev-studio,,
artmajeur,artmajeur.com,primary_website,false,wikidata,https://www.wikidata.org/wiki/Property:P856,unknown,0,,resolved,artmajeur,,
arts-vision,artsvision.co.jp,primary_website,false,wikidata,https://www.wikidata.org/wiki/Property:P856,unknown,0,,resolved,arts-vision,,
arturia,arturia.com,primary_website,false,wikidata,https://www.wikidata.org/wiki/Property:P856,unknown,0,,resolved,arturia,,
aruba-airlines,arubaairlines.com,primary_website,false,wikidata,https://www.wikidata.org/wiki/Property:P856,unknown,0,,resolved,aruba-airlines,,
asahi-broadcasting-group-holdings,asahi.co.jp,primary_website,false,wikidata,https://www.wikidata.org/wiki/Property:P856,unknown,0,,resolved,asahi-broadcasting-group-holdings,,
asahi-breweries,asahibeer.com,primary_website,false,wikidata,https://www.wikidata.org/wiki/Property:P856,unknown,0,,resolved,asahi-breweries,,
asana,asana.com,primary_website,false,wikidata,https://www.wikidata.org/wiki/Property:P856,unknown,0,,resolved,asana,,
american-society-of-composers-authors-and-publishers,ascap.com,primary_website,false,wikidata,https://www.wikidata.org/wiki/Property:P856,unknown,0,,resolved,american-society-of-composers-authors-and-publishers,,
aserca-airlines,asercaairlines.com,primary_website,false,wikidata,https://www.wikidata.org/wiki/Property:P856,unknown,0,,resolved,aserca-airlines,,
ashland-inc,ashland.com,primary_website,false,wikidata,https://www.wikidata.org/wiki/Property:P856,unknown,0,,resolved,ashland-inc,,
ashley-madison,ashleymadison.com,primary_website,false,wikidata,https://www.wikidata.org/wiki/Property:P856,unknown,0,,resolved,ashley-madison,,
ashok-leyland,ashokleyland.com,primary_website,false,wikidata,https://www.wikidata.org/wiki/Property:P856,unknown,0,,resolved,ashok-leyland,,
asia-cargo-airlines,asiacargonetworkgroup.com,primary_website,false,wikidata,https://www.wikidata.org/wiki/Property:P856,unknown,0,,resolved,asia-cargo-airlines,,
asian-paints,asianpaints.com,primary_website,false,wikidata,https://www.wikidata.org/wiki/Property:P856,unknown,0,,resolved,asian-paints,,
asian-wings-airways,asianwingsair.com,primary_website,false,wikidata,https://www.wikidata.org/wiki/Property:P856,unknown,0,,resolved,asian-wings-airways,,
asiasat,asiasat.com,primary_website,false,wikidata,https://www.wikidata.org/wiki/Property:P856,unknown,0,,resolved,asiasat,,
asics,asics.com,primary_website,false,wikidata,https://www.wikidata.org/wiki/Property:P856,unknown,0,,resolved,asics,,
asm-international,asm.com,primary_website,false,wikidata,https://www.wikidata.org/wiki/Property:P856,unknown,0,,resolved,asm-international,,
asml,asml.com,primary_website,false,wikidata,https://www.wikidata.org/wiki/Property:P856,unknown,0,,resolved,asml,,
asos,asos.com,primary_website,false,wikidata,https://www.wikidata.org/wiki/Property:P856,unknown,0,,resolved,asos,,
asprey,asprey.com,primary_website,false,wikidata,https://www.wikidata.org/wiki/Property:P856,unknown,0,,resolved,asprey,,
asrock,asrock.com,primary_website,false,wikidata,https://www.wikidata.org/wiki/Property:P856,unknown,0,,resolved,asrock,,
assa-abloy,assaabloy.com,primary_website,false,wikidata,https://www.wikidata.org/wiki/Property:P856,unknown,0,,resolved,assa-abloy,,
astellas-pharma,astellas.com,primary_website,false,wikidata,https://www.wikidata.org/wiki/Property:P856,unknown,0,,resolved,astellas-pharma,,
american-society-for-testing-and-materials,astm.org,primary_website,false,wikidata,https://www.wikidata.org/wiki/Property:P856,unknown,0,,resolved,american-society-for-testing-and-materials,,
aston-martin-lagonda,astonmartinlagonda.com,primary_website,false,wikidata,https://www.wikidata.org/wiki/Property:P856,unknown,0,,resolved,aston-martin-lagonda,,
astra,astra-trucks.com,primary_website,false,wikidata,https://www.wikidata.org/wiki/Property:P856,unknown,0,,resolved,astra,,
astra-international,astra.co.id,primary_website,false,wikidata,https://www.wikidata.org/wiki/Property:P856,unknown,0,,resolved,astra-international,,
astrazeneca,astrazeneca.com,primary_website,false,wikidata,https://www.wikidata.org/wiki/Property:P856,unknown,0,,resolved,astrazeneca,,
astrobotic-technology,astrobotic.com,primary_website,false,wikidata,https://www.wikidata.org/wiki/Property:P856,unknown,0,,resolved,astrobotic-technology,,
astrum-corporation,astrum-st.com,primary_website,false,wikidata,https://www.wikidata.org/wiki/Property:P856,unknown,0,,resolved,astrum-corporation,,
asus,asus.com,primary_website,false,wikidata,https://www.wikidata.org/wiki/Property:P856,unknown,0,,resolved,asus,,
atlantic-treaty-association,atahq.org,primary_website,false,wikidata,https://www.wikidata.org/wiki/Property:P856,unknown,0,,resolved,atlantic-treaty-association,,
atari,atari.com,primary_website,false,wikidata,https://www.wikidata.org/wiki/Property:P856,unknown,0,,resolved,atari,,
atkins,atkinsglobal.com,primary_website,false,wikidata,https://www.wikidata.org/wiki/Property:P856,unknown,0,,resolved,atkins,,
atlantic-grupa,atlanticgrupa.com,primary_website,false,wikidata,https://www.wikidata.org/wiki/Property:P856,unknown,0,,resolved,atlantic-grupa,,
atlas-air,atlasair.com,primary_website,false,wikidata,https://www.wikidata.org/wiki/Property:P856,unknown,0,,resolved,atlas-air,,
atlas-copco,atlascopco.com,primary_website,false,wikidata,https://www.wikidata.org/wiki/Property:P856,unknown,0,,resolved,atlas-copco,,
atlas-entertainment,atlasentertainment.com,primary_website,false,wikidata,https://www.wikidata.org/wiki/Property:P856,unknown,0,,resolved,atlas-entertainment,,
atlassian,atlassian.com,primary_website,false,wikidata,https://www.wikidata.org/wiki/Property:P856,unknown,0,,resolved,atlassian,,
atomic-skis,atomic.com,primary_website,false,wikidata,https://www.wikidata.org/wiki/Property:P856,unknown,0,,resolved,atomic-skis,,
atomic-monster,atomicmonster.com,primary_website,false,wikidata,https://www.wikidata.org/wiki/Property:P856,unknown,0,,resolved,atomic-monster,,
atos-se,atos.net,primary_website,false,wikidata,https://www.wikidata.org/wiki/Property:P856,unknown,0,,resolved,atos-se,,
atotech,atotech.com,primary_website,false,wikidata,https://www.wikidata.org/wiki/Property:P856,unknown,0,,resolved,atotech,,
atradius,atradius.com,primary_website,false,wikidata,https://www.wikidata.org/wiki/Property:P856,unknown,0,,resolved,atradius,,
atresmedia,atresmedia.com,primary_website,false,wikidata,https://www.wikidata.org/wiki/Property:P856,unknown,0,,resolved,atresmedia,,
at-t,att.com,primary_website,false,wikidata,https://www.wikidata.org/wiki/Property:P856,unknown,0,,resolved,at-t,,
attijariwafa-bank,attijariwafabank.com,primary_website,false,wikidata,https://www.wikidata.org/wiki/Property:P856,unknown,0,,resolved,attijariwafa-bank,,
audemars-piguet,audemarspiguet.com,primary_website,false,wikidata,https://www.wikidata.org/wiki/Property:P856,unknown,0,,resolved,audemars-piguet,,
audi,audi.com,corporate_email,false,curated,https://www.wikidata.org/wiki/Q23317,low,2,first_party_legal_page;mx_record,resolved,audi,,
audi,audi.de,regional,false,curated,https://www.wikidata.org/wiki/Q23317,low,1,external_reputable,resolved,audi,,
audible-inc,audible.com,primary_website,false,wikidata,https://www.wikidata.org/wiki/Property:P856,unknown,0,,resolved,audible-inc,,
audiomachine,audiomachine.com,primary_website,false,wikidata,https://www.wikidata.org/wiki/Property:P856,unknown,0,,resolved,audiomachine,,
auntie-anne-s,auntieannes.com,primary_website,false,wikidata,https://www.wikidata.org/wiki/Property:P856,unknown,0,,resolved,auntie-anne-s,,
auo-corporation,auo.com,primary_website,false,wikidata,https://www.wikidata.org/wiki/Property:P856,unknown,0,,resolved,auo-corporation,,
aurigny-air-services,aurigny.com,primary_website,false,wikidata,https://www.wikidata.org/wiki/Property:P856,unknown,0,,resolved,aurigny-air-services,,
aurubis,aurubis.com,primary_website,false,wikidata,https://www.wikidata.org/wiki/Property:P856,unknown,0,,resolved,aurubis,,
aussiebum,aussiebum.com,primary_website,false,wikidata,https://www.wikidata.org/wiki/Property:P856,unknown,0,,resolved,aussiebum,,
austal,austal.com,primary_website,false,wikidata,https://www.wikidata.org/wiki/Property:P856,unknown,0,,resolved,austal,,
austrian-airlines,austrian.com,primary_website,false,wikidata,https://www.wikidata.org/wiki/Property:P856,unknown,0,,resolved,austrian-airlines,,
autodesk,autodesk.com,primary_website,false,wikidata,https://www.wikidata.org/wiki/Property:P856,unknown,0,,resolved,autodesk,,
autogrill,autogrill.com,primary_website,false,wikidata,https://www.wikidata.org/wiki/Property:P856,unknown,0,,resolved,autogrill,,
autoliv,autoliv.com,primary_website,false,wikidata,https://www.wikidata.org/wiki/Property:P856,unknown,0,,resolved,autoliv,,
automattic,automattic.com,primary_website,false,wikidata,https://www.wikidata.org/wiki/Property:P856,unknown,0,,resolved,automattic,,
autonation,autonation.com,primary_website,false,wikidata,https://www.wikidata.org/wiki/Property:P856,unknown,0,,resolved,autonation,,
autonavi-holdings-limited,autonavi.com,primary_website,false,wikidata,https://www.wikidata.org/wiki/Property:P856,unknown,0,,resolved,autonavi-holdings-limited,,
autozone,autozone.com,primary_website,false,wikidata,https://www.wikidata.org/wiki/Property:P856,unknown,0,,resolved,autozone,,
avalanche-software,avalanchesoftware.com,primary_website,false,wikidata,https://www.wikidata.org/wiki/Property:P856,unknown,0,,resolved,avalanche-software,,
avanti-air,avantiair.com,primary_website,false,wikidata,https://www.wikidata.org/wiki/Property:P856,unknown,0,,resolved,avanti-air,,
avatar-press,avatarpress.com,primary_website,false,wikidata,https://www.wikidata.org/wiki/Property:P856,unknown,0,,resolved,avatar-press,,
avatrade,avatrade.com,primary_website,false,wikidata,https://www.wikidata.org/wiki/Property:P856,unknown,0,,resolved,avatrade,,
avaya,avaya.com,primary_website,false,wikidata,https://www.wikidata.org/wiki/Property:P856,unknown,0,,resolved,avaya,,
avelo-airlines,aveloair.com,primary_website,false,wikidata,https://www.wikidata.org/wiki/Property:P856,unknown,0,,resolved,avelo-airlines,,
aver-information,aver.com,primary_website,false,wikidata,https://www.wikidata.org/wiki/Property:P856,unknown,0,,resolved,aver-information,,
avery-dennison,avery.com,primary_website,false,wikidata,https://www.wikidata.org/wiki/Property:P856,unknown,0,,resolved,avery-dennison,,
aveva,aveva.com,primary_website,false,wikidata,https://www.wikidata.org/wiki/Property:P856,unknown,0,,resolved,aveva,,
avex-group,avex.co.jp,primary_website,false,wikidata,https://www.wikidata.org/wiki/Property:P856,unknown,0,,resolved,avex-group,,
avialeasing,avialeasing.com,primary_website,false,wikidata,https://www.wikidata.org/wiki/Property:P856,unknown,0,,resolved,avialeasing,,
avianca,avianca.com,primary_website,false,wikidata,https://www.wikidata.org/wiki/Property:P856,unknown,0,,resolved,avianca,,
aviastar,aviastar.biz,primary_website,false,wikidata,https://www.wikidata.org/wiki/Property:P856,unknown,0,,resolved,aviastar,,
avid-technology,avid.com,primary_website,false,wikidata,https://www.wikidata.org/wiki/Property:P856,unknown,0,,resolved,avid-technology,,
avion-express,avionexpress.aero,primary_website,false,wikidata,https://www.wikidata.org/wiki/Property:P856,unknown,0,,resolved,avion-express,,
avior-airlines,aviorair.com,primary_website,false,wikidata,https://www.wikidata.org/wiki/Property:P856,unknown,0,,resolved,avior-airlines,,
avira,avira.com,primary_website,false,wikidata,https://www.wikidata.org/wiki/Property:P856,unknown,0,,resolved,avira,,
avis-budget-group,avisbudgetgroup.com,primary_website,false,wikidata,https://www.wikidata.org/wiki/Property:P856,unknown,0,,resolved,avis-budget-group,,
aviva,aviva.com,primary_website,false,wikidata,https://www.wikidata.org/wiki/Property:P856,unknown,0,,resolved,aviva,,
avlo,avlorenfe.com,primary_website,false,wikidata,https://www.wikidata.org/wiki/Property:P856,unknown,0,,resolved,avlo,,
avnet,avnet.com,primary_website,false,wikidata,https://www.wikidata.org/wiki/Property:P856,unknown,0,,resolved,avnet,,
avon-products-inc,avonworldwide.com,primary_website,false,wikidata,https://www.wikidata.org/wiki/Property:P856,unknown,0,,resolved,avon-products-inc,,
axa,axa.com,primary_website,false,wikidata,https://www.wikidata.org/wiki/Property:P856,unknown,0,,resolved,axa,,
axe,axe.com,primary_website,false,wikidata,https://www.wikidata.org/wiki/Property:P856,unknown,0,,resolved,axe,,
axiata,axiata.com,primary_website,false,wikidata,https://www.wikidata.org/wiki/Property:P856,unknown,0,,resolved,axiata,,
axiom-space,axiomspace.com,primary_website,false,wikidata,https://www.wikidata.org/wiki/Property:P856,unknown,0,,resolved,axiom-space,,
axios,axios.com,primary_website,false,wikidata,https://www.wikidata.org/wiki/Property:P856,unknown,0,,resolved,axios,,
axis-communications,axis.com,primary_website,false,wikidata,https://www.wikidata.org/wiki/Property:P856,unknown,0,,resolved,axis-communications,,
axis-bank,axisbank.com,primary_website,false,wikidata,https://www.wikidata.org/wiki/Property:P856,unknown,0,,resolved,axis-bank,,
axon-enterprise,axon.com,primary_website,false,wikidata,https://www.wikidata.org/wiki/Property:P856,unknown,0,,resolved,axon-enterprise,,
axpo-holding,axpo.com,primary_website,false,wikidata,https://www.wikidata.org/wiki/Property:P856,unknown,0,,resolved,axpo-holding,,
ayit-aviation-and-tourism,ayit.co.il,primary_website,false,wikidata,https://www.wikidata.org/wiki/Property:P856,unknown,0,,resolved,ayit-aviation-and-tourism,,
azercell,azercell.com,primary_website,false,wikidata,https://www.wikidata.org/wiki/Property:P856,unknown,0,,resolved,azercell,,
azur-air,azurair.com,primary_website,false,wikidata,https://www.wikidata.org/wiki/Property:P856,unknown,0,,resolved,azur-air,,
b92,b92.net,primary_website,false,wikidata,https://www.wikidata.org/wiki/Property:P856,unknown,0,,resolved,b92,,
babbel,babbel.com,primary_website,false,wikidata,https://www.wikidata.org/wiki/Property:P856,unknown,0,,resolved,babbel,,
babcock-wilcox,babcock.com,primary_website,false,wikidata,https://www.wikidata.org/wiki/Property:P856,unknown,0,,resolved,babcock-wilcox,,
babcock-international,babcockinternational.com,primary_website,false,wikidata,https://www.wikidata.org/wiki/Property:P856,unknown,0,,resolved,babcock-international,,
baby-einstein,babyeinstein.com,primary_website,false,wikidata,https://www.wikidata.org/wiki/Property:P856,unknown,0,,resolved,baby-einstein,,
bacardi,bacardi.com,primary_website,false,wikidata,https://www.wikidata.org/wiki/Property:P856,unknown,0,,resolved,bacardi,,
badoo,badoo.com,primary_website,false,wikidata,https://www.wikidata.org/wiki/Property:P856,unknown,0,,resolved,badoo,,
badr-airlines,badrairlines.com,primary_website,false,wikidata,https://www.wikidata.org/wiki/Property:P856,unknown,0,,resolved,badr-airlines,,
bae-systems,baesystems.com,primary_website,false,wikidata,https://www.wikidata.org/wiki/Property:P856,unknown,0,,resolved,bae-systems,,
bahco,bahco.com,primary_website,false,wikidata,https://www.wikidata.org/wiki/Property:P856,unknown,0,,resolved,bahco,,
bahrain-air,bahrainair.net,primary_website,false,wikidata,https://www.wikidata.org/wiki/Property:P856,unknown,0,,resolved,bahrain-air,,
baic-motor,baicmotor.com,primary_website,false,wikidata,https://www.wikidata.org/wiki/Property:P856,unknown,0,,resolved,baic-motor,,
baidu,baidu.com,primary_website,false,wikidata,https://www.wikidata.org/wiki/Property:P856,unknown,0,,resolved,baidu,,
baillie-gifford,bailliegifford.com,primary_website,false,wikidata,https://www.wikidata.org/wiki/Property:P856,unknown,0,,resolved,baillie-gifford,,
bain-company,bain.com,primary_website,false,wikidata,https://www.wikidata.org/wiki/Property:P856,unknown,0,,resolved,bain-company,,
bain-capital,baincapital.com,primary_website,false,wikidata,https://www.wikidata.org/wiki/Property:P856,unknown,0,,resolved,bain-capital,,
bajaj-allianz,bajajallianz.com,primary_website,false,wikidata,https://www.wikidata.org/wiki/Property:P856,unknown,0,,resolved,bajaj-allianz,,
bajaj-auto,bajajauto.com,primary_website,false,wikidata,https://www.wikidata.org/wiki/Property:P856,unknown,0,,resolved,bajaj-auto,,
bajaj-electricals,bajajelectricals.com,primary_website,false,wikidata,https://www.wikidata.org/wiki/Property:P856,unknown,0,,resolved,bajaj-electricals,,
bajaj-finserv,bajajfinserv.in,primary_website,false,wikidata,https://www.wikidata.org/wiki/Property:P856,unknown,0,,resolved,bajaj-finserv,,
bajaj-group,bajajgroup.org,primary_website,false,wikidata,https://www.wikidata.org/wiki/Property:P856,unknown,0,,resolved,bajaj-group,,
bakcell,bakcell.com,primary_website,false,wikidata,https://www.wikidata.org/wiki/Property:P856,unknown,0,,resolved,bakcell,,
baker-hughes,bakerhughes.com,primary_website,false,wikidata,https://www.wikidata.org/wiki/Property:P856,unknown,0,,resolved,baker-hughes,,
bakkafrost,bakkafrost.com,primary_website,false,wikidata,https://www.wikidata.org/wiki/Property:P856,unknown,0,,resolved,bakkafrost,,
balaji-telefilms,balajitelefilms.com,primary_website,false,wikidata,https://www.wikidata.org/wiki/Property:P856,unknown,0,,resolved,balaji-telefilms,,
baldwin-piano-company,baldwinpiano.com,primary_website,false,wikidata,https://www.wikidata.org/wiki/Property:P856,unknown,0,,resolved,baldwin-piano-company,,
balfour-beatty,balfourbeatty.com,primary_website,false,wikidata,https://www.wikidata.org/wiki/Property:P856,unknown,0,,resolved,balfour-beatty,,
ball-corporation,ball.com,primary_website,false,wikidata,https://www.wikidata.org/wiki/Property:P856,unknown,0,,resolved,ball-corporation,,
baltic-exchange,balticexchange.com,primary_website,false,wikidata,https://www.wikidata.org/wiki/Property:P856,unknown,0,,resolved,baltic-exchange,,
bamboo-airways,bambooairways.com,primary_website,false,wikidata,https://www.wikidata.org/wiki/Property:P856,unknown,0,,resolved,bamboo-airways,,
bambu-lab,bambulab.com,primary_website,false,wikidata,https://www.wikidata.org/wiki/Property:P856,unknown,0,,resolved,bambu-lab,,
bancolombia,bancolombia.com,primary_website,false,wikidata,https://www.wikidata.org/wiki/Property:P856,unknown,0,,resolved,bancolombia,,
bandai-namco-arts,bandainamcoarts.co.jp,primary_website,false,wikidata,https://www.wikidata.org/wiki/Property:P856,unknown,0,,resolved,bandai-namco-arts,,
bang-olufsen,bang-olufsen.com,primary_website,false,wikidata,https://www.wikidata.org/wiki/Property:P856,unknown,0,,resolved,bang-olufsen,,
bangkok-airways,bangkokair.com,primary_website,false,wikidata,https://www.wikidata.org/wiki/Property:P856,unknown,0,,resolved,bangkok-airways,,
bangkok-bank,bangkokbank.com,primary_website,false,wikidata,https://www.wikidata.org/wiki/Property:P856,unknown,0,,resolved,bangkok-bank,,
banijay-entertainment,banijay.com,primary_website,false,wikidata,https://www.wikidata.org/wiki/Property:P856,unknown,0,,resolved,banijay-entertainment,,
bankinter,bankinter.com,primary_website,false,wikidata,https://www.wikidata.org/wiki/Property:P856,unknown,0,,resolved,bankinter,,
bank-islam-malaysia,bankislam.com,primary_website,false,wikidata,https://www.wikidata.org/wiki/Property:P856,unknown,0,,resolved,bank-islam-malaysia,,
bank-mandiri,bankmandiri.co.id,primary_website,false,wikidata,https://www.wikidata.org/wiki/Property:P856,unknown,0,,resolved,bank-mandiri,,
bank-of-america,bankofamerica.com,primary_website,false,wikidata,https://www.wikidata.org/wiki/Property:P856,unknown,0,,resolved,bank-of-america,,
bank-of-baroda,bankofbaroda.in,primary_website,false,wikidata,https://www.wikidata.org/wiki/Property:P856,unknown,0,,resolved,bank-of-baroda,,
bank-of-china,bankofchina.com,primary_website,false,wikidata,https://www.wikidata.org/wiki/Property:P856,unknown,0,,resolved,bank-of-china,,
bank-of-cyprus,bankofcyprus.com,primary_website,false,wikidata,https://www.wikidata.org/wiki/Property:P856,unknown,0,,resolved,bank-of-cyprus,,
bank-of-england,bankofengland.co.uk,primary_website,false,wikidata,https://www.wikidata.org/wiki/Property:P856,unknown,0,,resolved,bank-of-england,,
bank-of-ireland,bankofireland.com,primary_website,false,wikidata,https://www.wikidata.org/wiki/Property:P856,unknown,0,,resolved,bank-of-ireland,,
bank-of-scotland,bankofscotland.co.uk,primary_website,false,wikidata,https://www.wikidata.org/wiki/Property:P856,unknown,0,,resolved,bank-of-scotland,,
bank-of-shanghai,bankofshanghai.com,primary_website,false,wikidata,https://www.wikidata.org/wiki/Property:P856,unknown,0,,resolved,bank-of-shanghai,,
bank-one-corporation,bankone.com,primary_website,false,wikidata,https://www.wikidata.org/wiki/Property:P856,unknown,0,,resolved,bank-one-corporation,,
banorte,banorte.com,primary_website,false,wikidata,https://www.wikidata.org/wiki/Property:P856,unknown,0,,resolved,banorte,,
banque-misr,banquemisr.com,primary_website,false,wikidata,https://www.wikidata.org/wiki/Property:P856,unknown,0,,resolved,banque-misr,,
barclays,barclays.com,primary_website,false,wikidata,https://www.wikidata.org/wiki/Property:P856,unknown,0,,resolved,barclays,,
barco,barco.com,primary_website,false,wikidata,https://www.wikidata.org/wiki/Property:P856,unknown,0,,resolved,barco,,
barilla,barilla.com,primary_website,false,wikidata,https://www.wikidata.org/wiki/Property:P856,unknown,0,,resolved,barilla,,
barilla-group,barillagroup.com,primary_website,false,wikidata,https://www.wikidata.org/wiki/Property:P856,unknown,0,,resolved,barilla-group,,
barnes-noble,barnesandnoble.com,primary_website,false,wikidata,https://www.wikidata.org/wiki/Property:P856,unknown,0,,resolved,barnes-noble,,
barrett-firearms-manufacturing,barrett.net,primary_website,false,wikidata,https://www.wikidata.org/wiki/Property:P856,unknown,0,,resolved,barrett-firearms-manufacturing,,
barrick-mining-corporation,barrick.com,primary_website,false,wikidata,https://www.wikidata.org/wiki/Property:P856,unknown,0,,resolved,barrick-mining-corporation,,
basecamp,basecamp.com,primary_website,false,wikidata,https://www.wikidata.org/wiki/Property:P856,unknown,0,,resolved,basecamp,,
basf,basf.com,primary_website,false,wikidata,https://www.wikidata.org/wiki/Property:P856,unknown,0,,resolved,basf,,
bashneft,bashneft.com,primary_website,false,wikidata,https://www.wikidata.org/wiki/Property:P856,unknown,0,,resolved,bashneft,,
baskin-robbins,baskinrobbins.com,primary_website,false,wikidata,https://www.wikidata.org/wiki/Property:P856,unknown,0,,resolved,baskin-robbins,,
british-american-tobacco,bat.com,primary_website,false,wikidata,https://www.wikidata.org/wiki/Property:P856,unknown,0,,resolved,british-american-tobacco,,
bata-limited,bata.com,primary_website,false,wikidata,https://www.wikidata.org/wiki/Property:P856,unknown,0,,resolved,bata-limited,,
batik-air,batikair.com,primary_website,false,wikidata,https://www.wikidata.org/wiki/Property:P856,unknown,0,,resolved,batik-air,,
bauer-hockey,bauer.com,primary_website,false,wikidata,https://www.wikidata.org/wiki/Property:P856,unknown,0,,resolved,bauer-hockey,,
bauer-media-group,bauermedia.com,primary_website,false,wikidata,https://www.wikidata.org/wiki/Property:P856,unknown,0,,resolved,bauer-media-group,,
bauhaus,bauhaus.info,primary_website,false,wikidata,https://www.wikidata.org/wiki/Property:P856,unknown,0,,resolved,bauhaus,,
bausch-lomb,bausch.com,primary_website,false,wikidata,https://www.wikidata.org/wiki/Property:P856,unknown,0,,resolved,bausch-lomb,,
bausch-health,bauschhealth.com,primary_website,false,wikidata,https://www.wikidata.org/wiki/Property:P856,unknown,0,,resolved,bausch-health,,
baxter-international,baxter.com,primary_website,false,wikidata,https://www.wikidata.org/wiki/Property:P856,unknown,0,,resolved,baxter-international,,
bayer,bayer.com,primary_website,false,wikidata,https://www.wikidata.org/wiki/Property:P856,unknown,0,,resolved,bayer,,
banco-do-brasil,bb.com.br,primary_website,false,wikidata,https://www.wikidata.org/wiki/Property:P856,unknown,0,,resolved,banco-do-brasil,,
bbc-television,bbc.co.uk,primary_website,false,wikidata,https://www.wikidata.org/wiki/Property:P856,unknown,0,,resolved,bbc-television,,
bbc-sport,bbc.com,primary_website,false,wikidata,https://www.wikidata.org/wiki/Property:P856,unknown,0,,resolved,bbc-sport,,
bbn-technologies,bbn.com,primary_website,false,wikidata,https://www.wikidata.org/wiki/Property:P856,unknown,0,,resolved,bbn-technologies,,
b-braun,bbraun.com,primary_website,false,wikidata,https://www.wikidata.org/wiki/Property:P856,unknown,0,,resolved,b-braun,,
bbs-kraftfahrzeugtechnik,bbs.com,primary_website,false,wikidata,https://www.wikidata.org/wiki/Property:P856,unknown,0,,resolved,bbs-kraftfahrzeugtechnik,,
bbva,bbva.com,primary_website,false,wikidata,https://www.wikidata.org/wiki/Property:P856,unknown,0,,resolved,bbva,,
bank-central-asia,bca.co.id,primary_website,false,wikidata,https://www.wikidata.org/wiki/Property:P856,unknown,0,,resolved,bank-central-asia,,
boston-consulting-group,bcg.com,primary_website,false,wikidata,https://www.wikidata.org/wiki/Property:P856,unknown,0,,resolved,boston-consulting-group,,
b-c-rich,bcrich.com,primary_website,false,wikidata,https://www.wikidata.org/wiki/Property:P856,unknown,0,,resolved,b-c-rich,,
bdo-international,bdo.global,primary_website,false,wikidata,https://www.wikidata.org/wiki/Property:P856,unknown,0,,resolved,bdo-international,,
bearingpoint,bearingpoint.com,primary_website,false,wikidata,https://www.wikidata.org/wiki/Property:P856,unknown,0,,resolved,bearingpoint,,
beatport,beatport.com,primary_website,false,wikidata,https://www.wikidata.org/wiki/Property:P856,unknown,0,,resolved,beatport,,
beats-electronics,beatsbydre.com,primary_website,false,wikidata,https://www.wikidata.org/wiki/Property:P856,unknown,0,,resolved,beats-electronics,,
bechtel,bechtel.com,primary_website,false,wikidata,https://www.wikidata.org/wiki/Property:P856,unknown,0,,resolved,bechtel,,
beckhoff-automation,beckhoff.com,primary_website,false,wikidata,https://www.wikidata.org/wiki/Property:P856,unknown,0,,resolved,beckhoff-automation,,
beckman-coulter,beckmancoulter.com,primary_website,false,wikidata,https://www.wikidata.org/wiki/Property:P856,unknown,0,,resolved,beckman-coulter,,
belgrade-nikola-tesla-airport,beg.aero,primary_website,false,wikidata,https://www.wikidata.org/wiki/Property:P856,unknown,0,,resolved,belgrade-nikola-tesla-airport,,
behringer,behringer.com,primary_website,false,wikidata,https://www.wikidata.org/wiki/Property:P856,unknown,0,,resolved,behringer,,
beiersdorf,beiersdorf.com,primary_website,false,wikidata,https://www.wikidata.org/wiki/Property:P856,unknown,0,,resolved,beiersdorf,,
bein-media-group,beinmediagroup.com,primary_website,false,wikidata,https://www.wikidata.org/wiki/Property:P856,unknown,0,,resolved,bein-media-group,,
bekaert,bekaert.com,primary_website,false,wikidata,https://www.wikidata.org/wiki/Property:P856,unknown,0,,resolved,bekaert,,
beko,bekocorporate.com,primary_website,false,wikidata,https://www.wikidata.org/wiki/Property:P856,unknown,0,,resolved,beko,,
bharat-electronics,bel-india.in,primary_website,false,wikidata,https://www.wikidata.org/wiki/Property:P856,unknown,0,,resolved,bharat-electronics,,
belkin-international-inc,belkin.com,primary_website,false,wikidata,https://www.wikidata.org/wiki/Property:P856,unknown,0,,resolved,belkin-international-inc,,
bellasi,bellasi.com,primary_website,false,wikidata,https://www.wikidata.org/wiki/Property:P856,unknown,0,,resolved,bellasi,,
bell-howell,bellhowell.net,primary_website,false,wikidata,https://www.wikidata.org/wiki/Property:P856,unknown,0,,resolved,bell-howell,,
bellsouth,bellsouth.com,primary_website,false,wikidata,https://www.wikidata.org/wiki/Property:P856,unknown,0,,resolved,bellsouth,,
belmond,belmond.com,primary_website,false,wikidata,https://www.wikidata.org/wiki/Property:P856,unknown,0,,resolved,belmond,,
beml-limited,bemlindia.com,primary_website,false,wikidata,https://www.wikidata.org/wiki/Property:P856,unknown,0,,resolved,beml-limited,,
benefit-cosmetics,benefitcosmetics.com,primary_website,false,wikidata,https://www.wikidata.org/wiki/Property:P856,unknown,0,,resolved,benefit-cosmetics,,
benesse,benesse.co.jp,primary_website,false,wikidata,https://www.wikidata.org/wiki/Property:P856,unknown,0,,resolved,benesse,,
benetton-group,benetton.com,primary_website,false,wikidata,https://www.wikidata.org/wiki/Property:P856,unknown,0,,resolved,benetton-group,,
ben-jerry-s,benjerry.com,primary_website,false,wikidata,https://www.wikidata.org/wiki/Property:P856,unknown,0,,resolved,ben-jerry-s,,
benq,benq.com,primary_website,false,wikidata,https://www.wikidata.org/wiki/Property:P856,unknown,0,,resolved,benq,,
bentley-systems,bentley.com,primary_website,false,wikidata,https://www.wikidata.org/wiki/Property:P856,unknown,0,,resolved,bentley-systems,,
bentley,bentleymotors.com,primary_website,false,wikidata,https://www.wikidata.org/wiki/Property:P856,unknown,0,,resolved,bentley,,
bergdorf-goodman,bergdorfgoodman.com,primary_website,false,wikidata,https://www.wikidata.org/wiki/Property:P856,unknown,0,,resolved,bergdorf-goodman,,
berger-paints,bergerpaints.com,primary_website,false,wikidata,https://www.wikidata.org/wiki/Property:P856,unknown,0,,resolved,berger-paints,,
beriev,beriev.com,primary_website,false,wikidata,https://www.wikidata.org/wiki/Property:P856,unknown,0,,resolved,beriev,,
bering-air,beringair.com,primary_website,false,wikidata,https://www.wikidata.org/wiki/Property:P856,unknown,0,,resolved,bering-air,,
berkshire-hathaway,berkshirehathaway.com,primary_website,false,wikidata,https://www.wikidata.org/wiki/Property:P856,unknown,0,,resolved,berkshire-hathaway,,
berlitz-corporation,berlitz.com,primary_website,false,wikidata,https://www.wikidata.org/wiki/Property:P856,unknown,0,,resolved,berlitz-corporation,,
bernina-sewing-machine,bernina.com,primary_website,false,wikidata,https://www.wikidata.org/wiki/Property:P856,unknown,0,,resolved,bernina-sewing-machine,,
bershka,bershka.com,primary_website,false,wikidata,https://www.wikidata.org/wiki/Property:P856,unknown,0,,resolved,bershka,,
besix,besix.com,primary_website,false,wikidata,https://www.wikidata.org/wiki/Property:P856,unknown,0,,resolved,besix,,
best-buy,bestbuy.com,primary_website,false,wikidata,https://www.wikidata.org/wiki/Property:P856,unknown,0,,resolved,best-buy,,
bestseller,bestseller.com,primary_website,false,wikidata,https://www.wikidata.org/wiki/Property:P856,unknown,0,,resolved,bestseller,,
best-western,bestwestern.com,primary_website,false,wikidata,https://www.wikidata.org/wiki/Property:P856,unknown,0,,resolved,best-western,,
beta-motor,betamotor.com,primary_website,false,wikidata,https://www.wikidata.org/wiki/Property:P856,unknown,0,,resolved,beta-motor,,
betano,betano.com,primary_website,false,wikidata,https://www.wikidata.org/wiki/Property:P856,unknown,0,,resolved,betano,,
betfair,betfair.com,primary_website,false,wikidata,https://www.wikidata.org/wiki/Property:P856,unknown,0,,resolved,betfair,,
betfred,betfred.com,primary_website,false,wikidata,https://www.wikidata.org/wiki/Property:P856,unknown,0,,resolved,betfred,,
betsson,betsson.com,primary_website,false,wikidata,https://www.wikidata.org/wiki/Property:P856,unknown,0,,resolved,betsson,,
bewakoof,bewakoof.com,primary_website,false,wikidata,https://www.wikidata.org/wiki/Property:P856,unknown,0,,resolved,bewakoof,,
beyerdynamic,beyerdynamic.com,primary_website,false,wikidata,https://www.wikidata.org/wiki/Property:P856,unknown,0,,resolved,beyerdynamic,,
beyond-meat,beyondmeat.com,primary_website,false,wikidata,https://www.wikidata.org/wiki/Property:P856,unknown,0,,resolved,beyond-meat,,
bezeq-the-israeli-telecommunication-corp-ltd,bezeq.co.il,primary_website,false,wikidata,https://www.wikidata.org/wiki/Property:P856,unknown,0,,resolved,bezeq-the-israeli-telecommunication-corp-ltd,,
bfgoodrich,bfgoodrich.com,primary_website,false,wikidata,https://www.wikidata.org/wiki/Property:P856,unknown,0,,resolved,bfgoodrich,,
bh-air,bhairlines.com,primary_website,false,wikidata,https://www.wikidata.org/wiki/Property:P856,unknown,0,,resolved,bh-air,,
bharatbenz,bharatbenz.com,primary_website,false,wikidata,https://www.wikidata.org/wiki/Property:P856,unknown,0,,resolved,bharatbenz,,
bharat-biotech-international,bharatbiotech.com,primary_website,false,wikidata,https://www.wikidata.org/wiki/Property:P856,unknown,0,,resolved,bharat-biotech-international,,
bharat-forge,bharatforge.com,primary_website,false,wikidata,https://www.wikidata.org/wiki/Property:P856,unknown,0,,resolved,bharat-forge,,
bharatpe,bharatpe.com,primary_website,false,wikidata,https://www.wikidata.org/wiki/Property:P856,unknown,0,,resolved,bharatpe,,
bharat-petroleum,bharatpetroleum.in,primary_website,false,wikidata,https://www.wikidata.org/wiki/Property:P856,unknown,0,,resolved,bharat-petroleum,,
bharti-enterprises,bharti.com,primary_website,false,wikidata,https://www.wikidata.org/wiki/Property:P856,unknown,0,,resolved,bharti-enterprises,,
bhartiya-mahila-bank,bhartiyamahilabank.com,primary_website,false,wikidata,https://www.wikidata.org/wiki/Property:P856,unknown,0,,resolved,bhartiya-mahila-bank,,
bharat-heavy-electricals,bhel.com,primary_website,false,wikidata,https://www.wikidata.org/wiki/Property:P856,unknown,0,,resolved,bharat-heavy-electricals,,
bhp,bhp.com,primary_website,false,wikidata,https://www.wikidata.org/wiki/Property:P856,unknown,0,,resolved,bhp,,
bial,bial.com,primary_website,false,wikidata,https://www.wikidata.org/wiki/Property:P856,unknown,0,,resolved,bial,,
bianchi-bicycles,bianchi.com,primary_website,false,wikidata,https://www.wikidata.org/wiki/Property:P856,unknown,0,,resolved,bianchi-bicycles,,
bic,bic.com,primary_website,false,wikidata,https://www.wikidata.org/wiki/Property:P856,unknown,0,,resolved,bic,,
bigbasket,bigbasket.com,primary_website,false,wikidata,https://www.wikidata.org/wiki/Property:P856,unknown,0,,resolved,bigbasket,,
big-boy-restaurants,bigboy.com,primary_website,false,wikidata,https://www.wikidata.org/wiki/Property:P856,unknown,0,,resolved,big-boy-restaurants,,
bigelow-aerospace,bigelowaerospace.com,primary_website,false,wikidata,https://www.wikidata.org/wiki/Property:P856,unknown,0,,resolved,bigelow-aerospace,,
big-fish-games,bigfishgames.com,primary_website,false,wikidata,https://www.wikidata.org/wiki/Property:P856,unknown,0,,resolved,big-fish-games,,
bilfinger-se,bilfinger.com,primary_website,false,wikidata,https://www.wikidata.org/wiki/Property:P856,unknown,0,,resolved,bilfinger-se,,
bilibili,bilibili.com,primary_website,false,wikidata,https://www.wikidata.org/wiki/Property:P856,unknown,0,,resolved,bilibili,,
binter-canarias,bintercanarias.com,primary_website,false,wikidata,https://www.wikidata.org/wiki/Property:P856,unknown,0,,resolved,binter-canarias,,
biocon,biocon.com,primary_website,false,wikidata,https://www.wikidata.org/wiki/Property:P856,unknown,0,,resolved,biocon,,
biogen,biogen.com,primary_website,false,wikidata,https://www.wikidata.org/wiki/Property:P856,unknown,0,,resolved,biogen,,
birkenstock,birkenstock.com,primary_website,false,wikidata,https://www.wikidata.org/wiki/Property:P856,unknown,0,,resolved,birkenstock,,
birlasoft,birlasoft.com,primary_website,false,wikidata,https://www.wikidata.org/wiki/Property:P856,unknown,0,,resolved,birlasoft,,
birra-menabrea,birramenabrea.com,primary_website,false,wikidata,https://www.wikidata.org/wiki/Property:P856,unknown,0,,resolved,birra-menabrea,,
bismillah-airlines,bismillahairlines.net,primary_website,false,wikidata,https://www.wikidata.org/wiki/Property:P856,unknown,0,,resolved,bismillah-airlines,,
bitdefender,bitdefender.com,primary_website,false,wikidata,https://www.wikidata.org/wiki/Property:P856,unknown,0,,resolved,bitdefender,,
bitfinex,bitfinex.com,primary_website,false,wikidata,https://www.wikidata.org/wiki/Property:P856,unknown,0,,resolved,bitfinex,,
bitly,bitly.com,primary_website,false,wikidata,https://www.wikidata.org/wiki/Property:P856,unknown,0,,resolved,bitly,,
bitmain,bitmain.com,primary_website,false,wikidata,https://www.wikidata.org/wiki/Property:P856,unknown,0,,resolved,bitmain,,
bitpanda,bitpanda.com,primary_website,false,wikidata,https://www.wikidata.org/wiki/Property:P856,unknown,0,,resolved,bitpanda,,
blackberry,blackberry.com,primary_website,false,wikidata,https://www.wikidata.org/wiki/Property:P856,unknown,0,,resolved,blackberry,,
blackbuck,blackbuck.com,primary_website,false,wikidata,https://www.wikidata.org/wiki/Property:P856,unknown,0,,resolved,blackbuck,,
black-cube,blackcube.com,primary_website,false,wikidata,https://www.wikidata.org/wiki/Property:P856,unknown,0,,resolved,black-cube,,
black-diamond-equipment,blackdiamondequipment.com,primary_website,false,wikidata,https://www.wikidata.org/wiki/Property:P856,unknown,0,,resolved,black-diamond-equipment,,
blacklane,blacklane.com,primary_website,false,wikidata,https://www.wikidata.org/wiki/Property:P856,unknown,0,,resolved,blacklane,,
blackmagic-design,blackmagicdesign.com,primary_website,false,wikidata,https://www.wikidata.org/wiki/Property:P856,unknown,0,,resolved,blackmagic-design,,
blackrock,blackrock.com,primary_website,false,wikidata,https://www.wikidata.org/wiki/Property:P856,unknown,0,,resolved,blackrock,,
blackstone,blackstone.com,primary_website,false,wikidata,https://www.wikidata.org/wiki/Property:P856,unknown,0,,resolved,blackstone,,
blinkit,blinkit.com,primary_website,false,wikidata,https://www.wikidata.org/wiki/Property:P856,unknown,0,,resolved,blinkit,,
block,block.xyz,primary_website,false,wikidata,https://www.wikidata.org/wiki/Property:P856,unknown,0,,resolved,block,,
bloober-team,blooberteam.com,primary_website,false,wikidata,https://www.wikidata.org/wiki/Property:P856,unknown,0,,resolved,bloober-team,,
bloomberg-l-p,bloomberg.com,primary_website,false,wikidata,https://www.wikidata.org/wiki/Property:P856,unknown,0,,resolved,bloomberg-l-p,,
bloomsbury-publishing,bloomsbury.com,primary_website,false,wikidata,https://www.wikidata.org/wiki/Property:P856,unknown,0,,resolved,bloomsbury-publishing,,
blue-bell-creameries,bluebell.com,primary_website,false,wikidata,https://www.wikidata.org/wiki/Property:P856,unknown,0,,resolved,blue-bell-creameries,,
bluebird-airways,bluebirdair.com,primary_website,false,wikidata,https://www.wikidata.org/wiki/Property:P856,unknown,0,,resolved,bluebird-airways,,
blue-dart,bluedart.com,primary_website,false,wikidata,https://www.wikidata.org/wiki/Property:P856,unknown,0,,resolved,blue-dart,,
blue-dart-aviation,bluedartaviation.com,primary_website,false,wikidata,https://www.wikidata.org/wiki/Property:P856,unknown,0,,resolved,blue-dart-aviation,,
bluehost,bluehost.com,primary_website,false,wikidata,https://www.wikidata.org/wiki/Property:P856,unknown,0,,resolved,bluehost,,
blue-islands,blueislands.com,primary_website,false,wikidata,https://www.wikidata.org/wiki/Property:P856,unknown,0,,resolved,blue-islands,,
blue-microphones,bluemic.com,primary_website,false,wikidata,https://www.wikidata.org/wiki/Property:P856,unknown,0,,resolved,blue-microphones,,
blue-origin,blueorigin.com,primary_website,false,wikidata,https://www.wikidata.org/wiki/Property:P856,unknown,0,,resolved,blue-origin,,
bluescope-steel,bluescope.com,primary_website,false,wikidata,https://www.wikidata.org/wiki/Property:P856,unknown,0,,resolved,bluescope-steel,,
bluestacks,bluestacks.com,primary_website,false,wikidata,https://www.wikidata.org/wiki/Property:P856,unknown,0,,resolved,bluestacks,,
blue-star-ferries,bluestarferries.com,primary_website,false,wikidata,https://www.wikidata.org/wiki/Property:P856,unknown,0,,resolved,blue-star-ferries,,
blue-star,bluestarindia.com,primary_website,false,wikidata,https://www.wikidata.org/wiki/Property:P856,unknown,0,,resolved,blue-star,,
blue-wing-airlines,bluewingairlines.com,primary_website,false,wikidata,https://www.wikidata.org/wiki/Property:P856,unknown,0,,resolved,blue-wing-airlines,,
blu-products,bluproducts.com,primary_website,false,wikidata,https://www.wikidata.org/wiki/Property:P856,unknown,0,,resolved,blu-products,,
blur-studio,blur.com,primary_website,false,wikidata,https://www.wikidata.org/wiki/Property:P856,unknown,0,,resolved,blur-studio,,
bmc-software,bmc.com,primary_website,false,wikidata,https://www.wikidata.org/wiki/Property:P856,unknown,0,,resolved,bmc-software,,
bmg-rights-management,bmg.com,primary_website,false,wikidata,https://www.wikidata.org/wiki/Property:P856,unknown,0,,resolved,bmg-rights-management,,
bank-of-montreal,bmo.com,primary_website,false,wikidata,https://www.wikidata.org/wiki/Property:P856,unknown,0,,resolved,bank-of-montreal,,
bristol-myers-squibb,bms.com,primary_website,false,wikidata,https://www.wikidata.org/wiki/Property:P856,unknown,0,,resolved,bristol-myers-squibb,,
bmw-group,bmw.com,primary_website,false,wikidata,https://www.wikidata.org/wiki/Property:P856,unknown,0,,resolved,bmw-group,,
bank-negara-indonesia,bni.co.id,primary_website,false,wikidata,https://www.wikidata.org/wiki/Property:P856,unknown,0,,resolved,bank-negara-indonesia,,
bnp-paribas,bnpparibas.com,primary_website,false,wikidata,https://www.wikidata.org/wiki/Property:P856,unknown,0,,resolved,bnp-paribas,,
boat,boat-lifestyle.com,primary_website,false,wikidata,https://www.wikidata.org/wiki/Property:P856,unknown,0,,resolved,boat,,
bobcat-company,bobcat.com,primary_website,false,wikidata,https://www.wikidata.org/wiki/Property:P856,unknown,0,,resolved,bobcat-company,,
bank-of-china-hong-kong,bochk.com,primary_website,false,wikidata,https://www.wikidata.org/wiki/Property:P856,unknown,0,,resolved,bank-of-china-hong-kong,,
bodum,bodum.com,primary_website,false,wikidata,https://www.wikidata.org/wiki/Property:P856,unknown,0,,resolved,bodum,,
boe-technology,boe.com,primary_website,false,wikidata,https://www.wikidata.org/wiki/Property:P856,unknown,0,,resolved,boe-technology,,
boeing,boeing.com,primary_website,false,wikidata,https://www.wikidata.org/wiki/Property:P856,unknown,0,,resolved,boeing,,
bohemia-interactive,bohemia.net,primary_website,false,wikidata,https://www.wikidata.org/wiki/Property:P856,unknown,0,,resolved,bohemia-interactive,,
bojangles-famous-chicken-n-biscuits,bojangles.com,primary_website,false,wikidata,https://www.wikidata.org/wiki/Property:P856,unknown,0,,resolved,bojangles-famous-chicken-n-biscuits,,
bolex,bolex.com,primary_website,false,wikidata,https://www.wikidata.org/wiki/Property:P856,unknown,0,,resolved,bolex,,
boliden-ab,boliden.com,primary_website,false,wikidata,https://www.wikidata.org/wiki/Property:P856,unknown,0,,resolved,boliden-ab,,
bolt,bolt.eu,primary_website,false,wikidata,https://www.wikidata.org/wiki/Property:P856,unknown,0,,resolved,bolt,,
bolwell,bolwell.com,primary_website,false,wikidata,https://www.wikidata.org/wiki/Property:P856,unknown,0,,resolved,bolwell,,
bomag,bomag.com,primary_website,false,wikidata,https://www.wikidata.org/wiki/Property:P856,unknown,0,,resolved,bomag,,
bombardier,bombardier.com,primary_website,false,wikidata,https://www.wikidata.org/wiki/Property:P856,unknown,0,,resolved,bombardier,,
bonava,bonava.com,primary_website,false,wikidata,https://www.wikidata.org/wiki/Property:P856,unknown,0,,resolved,bonava,,
bonnier-group,bonnier.com,primary_website,false,wikidata,https://www.wikidata.org/wiki/Property:P856,unknown,0,,resolved,bonnier-group,,
booking-com,booking.com,primary_website,false,wikidata,https://www.wikidata.org/wiki/Property:P856,unknown,0,,resolved,booking-com,,
booking-holdings,bookingholdings.com,primary_website,false,wikidata,https://www.wikidata.org/wiki/Property:P856,unknown,0,,resolved,booking-holdings,,
bookmyshow,bookmyshow.com,primary_website,false,wikidata,https://www.wikidata.org/wiki/Property:P856,unknown,0,,resolved,bookmyshow,,
book-off,bookoff.co.jp,primary_website,false,wikidata,https://www.wikidata.org/wiki/Property:P856,unknown,0,,resolved,book-off,,
booz-allen-hamilton,boozallen.com,primary_website,false,wikidata,https://www.wikidata.org/wiki/Property:P856,unknown,0,,resolved,booz-allen-hamilton,,
boozt,boozt.com,primary_website,false,wikidata,https://www.wikidata.org/wiki/Property:P856,unknown,0,,resolved,boozt,,
borealis,borealisgroup.com,primary_website,false,wikidata,https://www.wikidata.org/wiki/Property:P856,unknown,0,,resolved,borealis,,
borgwarner,borgwarner.com,primary_website,false,wikidata,https://www.wikidata.org/wiki/Property:P856,unknown,0,,resolved,borgwarner,,
borland,borland.com,primary_website,false,wikidata,https://www.wikidata.org/wiki/Property:P856,unknown,0,,resolved,borland,,
borsalino,borsalino.com,primary_website,false,wikidata,https://www.wikidata.org/wiki/Property:P856,unknown,0,,resolved,borsalino,,
borsodchem,borsodchem-group.com,primary_website,false,wikidata,https://www.wikidata.org/wiki/Property:P856,unknown,0,,resolved,borsodchem,,
bosch,bosch.com,primary_website,false,wikidata,https://www.wikidata.org/wiki/Property:P856,unknown,0,,resolved,bosch,,
bosch-rexroth,boschrexroth.com,primary_website,false,wikidata,https://www.wikidata.org/wiki/Property:P856,unknown,0,,resolved,bosch-rexroth,,
bose-corporation,bose.com,primary_website,false,wikidata,https://www.wikidata.org/wiki/Property:P856,unknown,0,,resolved,bose-corporation,,
boss-corporation,boss.info,primary_website,false,wikidata,https://www.wikidata.org/wiki/Property:P856,unknown,0,,resolved,boss-corporation,,
boston-dynamics,bostondynamics.com,primary_website,false,wikidata,https://www.wikidata.org/wiki/Property:P856,unknown,0,,resolved,boston-dynamics,,
boston-pizza,bostonpizza.com,primary_website,false,wikidata,https://www.wikidata.org/wiki/Property:P856,unknown,0,,resolved,boston-pizza,,
boston-scientific,bostonscientific.com,primary_website,false,wikidata,https://www.wikidata.org/wiki/Property:P856,unknown,0,,resolved,boston-scientific,,
bottega-veneta,bottegaveneta.com,primary_website,false,wikidata,https://www.wikidata.org/wiki/Property:P856,unknown,0,,resolved,bottega-veneta,,
bouygues,bouygues.com,primary_website,false,wikidata,https://www.wikidata.org/wiki/Property:P856,unknown,0,,resolved,bouygues,,
bowers-wilkins,bowerswilkins.com,primary_website,false,wikidata,https://www.wikidata.org/wiki/Property:P856,unknown,0,,resolved,bowers-wilkins,,
box,box.com,primary_website,false,wikidata,https://www.wikidata.org/wiki/Property:P856,unknown,0,,resolved,box,,
box-office-mojo,boxofficemojo.com,primary_website,false,wikidata,https://www.wikidata.org/wiki/Property:P856,unknown,0,,resolved,box-office-mojo,,
bank-of-yokohama,boy.co.jp,primary_website,false,wikidata,https://www.wikidata.org/wiki/Property:P856,unknown,0,,resolved,bank-of-yokohama,,
bp,bp.com,primary_website,false,wikidata,https://www.wikidata.org/wiki/Property:P856,unknown,0,,resolved,bp,,
banco-bradesco,bradesco.com.br,primary_website,false,wikidata,https://www.wikidata.org/wiki/Property:P856,unknown,0,,resolved,banco-bradesco,,
braum-s,braums.com,primary_website,false,wikidata,https://www.wikidata.org/wiki/Property:P856,unknown,0,,resolved,braum-s,,
braun,braun.com,primary_website,false,wikidata,https://www.wikidata.org/wiki/Property:P856,unknown,0,,resolved,braun,,
breguet,breguet.com,primary_website,false,wikidata,https://www.wikidata.org/wiki/Property:P856,unknown,0,,resolved,breguet,,
breitling,breitling.com,primary_website,false,wikidata,https://www.wikidata.org/wiki/Property:P856,unknown,0,,resolved,breitling,,
brembo,brembo.com,primary_website,false,wikidata,https://www.wikidata.org/wiki/Property:P856,unknown,0,,resolved,brembo,,
brenntag,brenntag.com,primary_website,false,wikidata,https://www.wikidata.org/wiki/Property:P856,unknown,0,,resolved,brenntag,,
brewdog,brewdog.com,primary_website,false,wikidata,https://www.wikidata.org/wiki/Property:P856,unknown,0,,resolved,brewdog,,
brex,brex.com,primary_website,false,wikidata,https://www.wikidata.org/wiki/Property:P856,unknown,0,,resolved,brex,,
brf,brf-br.com,primary_website,false,wikidata,https://www.wikidata.org/wiki/Property:P856,unknown,0,,resolved,brf,,
bank-rakyat-indonesia,bri.co.id,primary_website,false,wikidata,https://www.wikidata.org/wiki/Property:P856,unknown,0,,resolved,bank-rakyat-indonesia,,
bridgestone,bridgestone.com,primary_website,false,wikidata,https://www.wikidata.org/wiki/Property:P856,unknown,0,,resolved,bridgestone,,
bridgewater-associates,bridgewater.com,primary_website,false,wikidata,https://www.wikidata.org/wiki/Property:P856,unknown,0,,resolved,bridgewater-associates,,
bright-food,brightfood.com,primary_website,false,wikidata,https://www.wikidata.org/wiki/Property:P856,unknown,0,,resolved,bright-food,,
brill,brill.com,primary_website,false,wikidata,https://www.wikidata.org/wiki/Property:P856,unknown,0,,resolved,brill,,
brink-s,brinks.com,primary_website,false,wikidata,https://www.wikidata.org/wiki/Property:P856,unknown,0,,resolved,brink-s,,
brio,brio-toys.com,primary_website,false,wikidata,https://www.wikidata.org/wiki/Property:P856,unknown,0,,resolved,brio,,
brita,brita.net,primary_website,false,wikidata,https://www.wikidata.org/wiki/Property:P856,unknown,0,,resolved,brita,,
britannia-industries,britannia.co.in,primary_website,false,wikidata,https://www.wikidata.org/wiki/Property:P856,unknown,0,,resolved,britannia-industries,,
british-airways,britishairways.com,primary_website,false,wikidata,https://www.wikidata.org/wiki/Property:P856,unknown,0,,resolved,british-airways,,
british-gas,britishgas.co.uk,primary_website,false,wikidata,https://www.wikidata.org/wiki/Property:P856,unknown,0,,resolved,british-gas,,
broadcom,broadcom.com,primary_website,false,wikidata,https://www.wikidata.org/wiki/Property:P856,unknown,0,,resolved,broadcom,,
broadwood-and-sons,broadwood.co.uk,primary_website,false,wikidata,https://www.wikidata.org/wiki/Property:P856,unknown,0,,resolved,broadwood-and-sons,,
brocade-communications-systems,brocade.com,primary_website,false,wikidata,https://www.wikidata.org/wiki/Property:P856,unknown,0,,resolved,brocade-communications-systems,,
brompton-bicycle,brompton.com,primary_website,false,wikidata,https://www.wikidata.org/wiki/Property:P856,unknown,0,,resolved,brompton-bicycle,,
br-ndby-if,brondby.com,primary_website,false,wikidata,https://www.wikidata.org/wiki/Property:P856,unknown,0,,resolved,br-ndby-if,,
brookfield-corporation,brookfield.com,primary_website,false,wikidata,https://www.wikidata.org/wiki/Property:P856,unknown,0,,resolved,brookfield-corporation,,
brooks-brothers,brooksbrothers.com,primary_website,false,wikidata,https://www.wikidata.org/wiki/Property:P856,unknown,0,,resolved,brooks-brothers,,
brooks-england,brooksengland.com,primary_website,false,wikidata,https://www.wikidata.org/wiki/Property:P856,unknown,0,,resolved,brooks-england,,
browning-arms-company,browning.com,primary_website,false,wikidata,https://www.wikidata.org/wiki/Property:P856,unknown,0,,resolved,browning-arms-company,,
browserstack,browserstack.com,primary_website,false,wikidata,https://www.wikidata.org/wiki/Property:P856,unknown,0,,resolved,browserstack,,
bombardier-recreational-products,brp.com,primary_website,false,wikidata,https://www.wikidata.org/wiki/Property:P856,unknown,0,,resolved,bombardier-recreational-products,,
brunello-cucinelli,brunellocucinelli.com,primary_website,false,wikidata,https://www.wikidata.org/wiki/Property:P856,unknown,0,,resolved,brunello-cucinelli,,
brunswick-corporation,brunswick.com,primary_website,false,wikidata,https://www.wikidata.org/wiki/Property:P856,unknown,0,,resolved,brunswick-corporation,,
brussels-airlines,brusselsairlines.com,primary_website,false,wikidata,https://www.wikidata.org/wiki/Property:P856,unknown,0,,resolved,brussels-airlines,,
botswana-stock-exchange,bse.co.bw,primary_website,false,wikidata,https://www.wikidata.org/wiki/Property:P856,unknown,0,,resolved,botswana-stock-exchange,,
bsi-group,bsigroup.com,primary_website,false,wikidata,https://www.wikidata.org/wiki/Property:P856,unknown,0,,resolved,bsi-group,,
bharat-sanchar-nigam-limited,bsnl.co.in,primary_website,false,wikidata,https://www.wikidata.org/wiki/Property:P856,unknown,0,,resolved,bharat-sanchar-nigam-limited,,
bt-group,bt.com,primary_website,false,wikidata,https://www.wikidata.org/wiki/Property:P856,unknown,0,,resolved,bt-group,,
btg-pactual,btgpactual.com,primary_website,false,wikidata,https://www.wikidata.org/wiki/Property:P856,unknown,0,,resolved,btg-pactual,,
bubba-gump-shrimp-company,bubbagump.com,primary_website,false,wikidata,https://www.wikidata.org/wiki/Property:P856,unknown,0,,resolved,bubba-gump-shrimp-company,,
buddha-air,buddhaair.com,primary_website,false,wikidata,https://www.wikidata.org/wiki/Property:P856,unknown,0,,resolved,buddha-air,,
budget-rent-a-car,budget.com,primary_website,false,wikidata,https://www.wikidata.org/wiki/Property:P856,unknown,0,,resolved,budget-rent-a-car,,
buffalo-airways,buffaloairways.com,primary_website,false,wikidata,https://www.wikidata.org/wiki/Property:P856,unknown,0,,resolved,buffalo-airways,,
buffalo-wild-wings,buffalowildwings.com,primary_website,false,wikidata,https://www.wikidata.org/wiki/Property:P856,unknown,0,,resolved,buffalo-wild-wings,,
buick,buick.com,primary_website,false,wikidata,https://www.wikidata.org/wiki/Property:P856,unknown,0,,resolved,buick,,
build-a-bear-workshop,buildabear.com,primary_website,false,wikidata,https://www.wikidata.org/wiki/Property:P856,unknown,0,,resolved,build-a-bear-workshop,,
bulova-watch-company,bulova.com,primary_website,false,wikidata,https://www.wikidata.org/wiki/Property:P856,unknown,0,,resolved,bulova-watch-company,,
bumble,bumble.com,primary_website,false,wikidata,https://www.wikidata.org/wiki/Property:P856,unknown,0,,resolved,bumble,,
bunge-limited,bunge.com,primary_website,false,wikidata,https://www.wikidata.org/wiki/Property:P856,unknown,0,,resolved,bunge-limited,,
buraq-air,buraq.aero,primary_website,false,wikidata,https://www.wikidata.org/wiki/Property:P856,unknown,0,,resolved,buraq-air,,
burberry,burberry.com,primary_website,false,wikidata,https://www.wikidata.org/wiki/Property:P856,unknown,0,,resolved,burberry,,
burgeranch,burgeranch.co.il,primary_website,false,wikidata,https://www.wikidata.org/wiki/Property:P856,unknown,0,,resolved,burgeranch,,
burrda,burrda.com,primary_website,false,wikidata,https://www.wikidata.org/wiki/Property:P856,unknown,0,,resolved,burrda,,
bursa-malaysia,bursamalaysia.com,primary_website,false,wikidata,https://www.wikidata.org/wiki/Property:P856,unknown,0,,resolved,bursa-malaysia,,
burson,bursonglobal.com,primary_website,false,wikidata,https://www.wikidata.org/wiki/Property:P856,unknown,0,,resolved,burson,,
burton-snowboards,burton.com,primary_website,false,wikidata,https://www.wikidata.org/wiki/Property:P856,unknown,0,,resolved,burton-snowboards,,
bushiroad,bushiroad.com,primary_website,false,wikidata,https://www.wikidata.org/wiki/Property:P856,unknown,0,,resolved,bushiroad,,
business-air,businessaircenter.com,primary_website,false,wikidata,https://www.wikidata.org/wiki/Property:P856,unknown,0,,resolved,business-air,,
buzzfeed,buzzfeed.com,primary_website,false,wikidata,https://www.wikidata.org/wiki/Property:P856,unknown,0,,resolved,buzzfeed,,
bwt-ag,bwt.com,primary_website,false,wikidata,https://www.wikidata.org/wiki/Property:P856,unknown,0,,resolved,bwt-ag,,
bybit,bybit.com,primary_website,false,wikidata,https://www.wikidata.org/wiki/Property:P856,unknown,0,,resolved,bybit,,
byd,byd.com,primary_website,false,wikidata,https://www.wikidata.org/wiki/Property:P856,unknown,0,,resolved,byd,,
byju-s,byjus.com,primary_website,false,wikidata,https://www.wikidata.org/wiki/Property:P856,unknown,0,,resolved,byju-s,,
bytedance,bytedance.com,primary_website,false,wikidata,https://www.wikidata.org/wiki/Property:P856,unknown,0,,resolved,bytedance,,
cabify,cabify.com,primary_website,false,wikidata,https://www.wikidata.org/wiki/Property:P856,unknown,0,,resolved,cabify,,
cabo-verde-airlines,caboverdeairlines.com,primary_website,false,wikidata,https://www.wikidata.org/wiki/Property:P856,unknown,0,,resolved,cabo-verde-airlines,,
caci,caci.com,primary_website,false,wikidata,https://www.wikidata.org/wiki/Property:P856,unknown,0,,resolved,caci,,
cadence-design-systems,cadence.com,primary_website,false,wikidata,https://www.wikidata.org/wiki/Property:P856,unknown,0,,resolved,cadence-design-systems,,
cae-inc,cae.com,primary_website,false,wikidata,https://www.wikidata.org/wiki/Property:P856,unknown,0,,resolved,cae-inc,,
cage-warriors,cagewarriors.com,primary_website,false,wikidata,https://www.wikidata.org/wiki/Property:P856,unknown,0,,resolved,cage-warriors,,
cainiao,cainiao.com,primary_website,false,wikidata,https://www.wikidata.org/wiki/Property:P856,unknown,0,,resolved,cainiao,,
cairo-aviation,cairoaviation.com,primary_website,false,wikidata,https://www.wikidata.org/wiki/Property:P856,unknown,0,,resolved,cairo-aviation,,
caixabank,caixabank.cat,primary_website,false,wikidata,https://www.wikidata.org/wiki/Property:P856,unknown,0,,resolved,caixabank,,
calbee,calbee.co.jp,primary_website,false,wikidata,https://www.wikidata.org/wiki/Property:P856,unknown,0,,resolved,calbee,,
calico,calicolabs.com,primary_website,false,wikidata,https://www.wikidata.org/wiki/Property:P856,unknown,0,,resolved,calico,,
callaway-golf-company,callawaygolf.com,primary_website,false,wikidata,https://www.wikidata.org/wiki/Property:P856,unknown,0,,resolved,callaway-golf-company,,
calm-air,calmair.com,primary_website,false,wikidata,https://www.wikidata.org/wiki/Property:P856,unknown,0,,resolved,calm-air,,
calpis,calpis.info,primary_website,false,wikidata,https://www.wikidata.org/wiki/Property:P856,unknown,0,,resolved,calpis,,
calvin-klein,calvinklein.com,primary_website,false,wikidata,https://www.wikidata.org/wiki/Property:P856,unknown,0,,resolved,calvin-klein,,
cameco,cameco.com,primary_website,false,wikidata,https://www.wikidata.org/wiki/Property:P856,unknown,0,,resolved,cameco,,
campagnolo,campagnolo.com,primary_website,false,wikidata,https://www.wikidata.org/wiki/Property:P856,unknown,0,,resolved,campagnolo,,
campari-group,camparigroup.com,primary_website,false,wikidata,https://www.wikidata.org/wiki/Property:P856,unknown,0,,resolved,campari-group,,
campbell-s,campbells.com,primary_website,false,wikidata,https://www.wikidata.org/wiki/Property:P856,unknown,0,,resolved,campbell-s,,
camper,camper.com,primary_website,false,wikidata,https://www.wikidata.org/wiki/Property:P856,unknown,0,,resolved,camper,,
canada-goose-inc,canadagoose.com,primary_website,false,wikidata,https://www.wikidata.org/wiki/Property:P856,unknown,0,,resolved,canada-goose-inc,,
canadian-north,canadiannorth.com,primary_website,false,wikidata,https://www.wikidata.org/wiki/Property:P856,unknown,0,,resolved,canadian-north,,
canadian-tire,canadiantire.ca,primary_website,false,wikidata,https://www.wikidata.org/wiki/Property:P856,unknown,0,,resolved,canadian-tire,,
canali,canali.com,primary_website,false,wikidata,https://www.wikidata.org/wiki/Property:P856,unknown,0,,resolved,canali,,
candy,candy-home.com,primary_website,false,wikidata,https://www.wikidata.org/wiki/Property:P856,unknown,0,,resolved,candy,,
cannondale-bicycle-corporation,cannondale.com,primary_website,false,wikidata,https://www.wikidata.org/wiki/Property:P856,unknown,0,,resolved,cannondale-bicycle-corporation,,
canon,canon.com,primary_website,false,wikidata,https://www.wikidata.org/wiki/Property:P856,unknown,0,,resolved,canon,,
canonical-ltd,canonical.com,primary_website,false,wikidata,https://www.wikidata.org/wiki/Property:P856,unknown,0,,resolved,canonical-ltd,,
canopy-growth-corporation,canopygrowth.com,primary_website,false,wikidata,https://www.wikidata.org/wiki/Property:P856,unknown,0,,resolved,canopy-growth-corporation,,
canterbury-of-new-zealand,canterbury.com,primary_website,false,wikidata,https://www.wikidata.org/wiki/Property:P856,unknown,0,,resolved,canterbury-of-new-zealand,,
cantor-fitzgerald,cantorfitzgerald.com,primary_website,false,wikidata,https://www.wikidata.org/wiki/Property:P856,unknown,0,,resolved,cantor-fitzgerald,,
canva,canva.com,primary_website,false,wikidata,https://www.wikidata.org/wiki/Property:P856,unknown,0,,resolved,canva,,
canyon-bicycles,canyon.com,primary_website,false,wikidata,https://www.wikidata.org/wiki/Property:P856,unknown,0,,resolved,canyon-bicycles,,
capcom,capcom.com,primary_website,false,wikidata,https://www.wikidata.org/wiki/Property:P856,unknown,0,,resolved,capcom,,
cape-air,capeair.com,primary_website,false,wikidata,https://www.wikidata.org/wiki/Property:P856,unknown,0,,resolved,cape-air,,
capgemini,capgemini.com,primary_website,false,wikidata,https://www.wikidata.org/wiki/Property:P856,unknown,0,,resolved,capgemini,,
capitaland,capitaland.com,primary_website,false,wikidata,https://www.wikidata.org/wiki/Property:P856,unknown,0,,resolved,capitaland,,
capital-one,capitalone.com,primary_website,false,wikidata,https://www.wikidata.org/wiki/Property:P856,unknown,0,,resolved,capital-one,,
capri-holdings,capriholdings.com,primary_website,false,wikidata,https://www.wikidata.org/wiki/Property:P856,unknown,0,,resolved,capri-holdings,,
caran-d-ache,carandache.com,primary_website,false,wikidata,https://www.wikidata.org/wiki/Property:P856,unknown,0,,resolved,caran-d-ache,,
cardinal-health,cardinalhealth.com,primary_website,false,wikidata,https://www.wikidata.org/wiki/Property:P856,unknown,0,,resolved,cardinal-health,,
cards-against-humanity,cardsagainsthumanity.com,primary_website,false,wikidata,https://www.wikidata.org/wiki/Property:P856,unknown,0,,resolved,cards-against-humanity,,
careem,careem.com,primary_website,false,wikidata,https://www.wikidata.org/wiki/Property:P856,unknown,0,,resolved,careem,,
cargill,cargill.com,primary_website,false,wikidata,https://www.wikidata.org/wiki/Property:P856,unknown,0,,resolved,cargill,,
cargojet,cargojet.com,primary_website,false,wikidata,https://www.wikidata.org/wiki/Property:P856,unknown,0,,resolved,cargojet,,
cargolux,cargolux.com,primary_website,false,wikidata,https://www.wikidata.org/wiki/Property:P856,unknown,0,,resolved,cargolux,,
carhartt,carhartt.com,primary_website,false,wikidata,https://www.wikidata.org/wiki/Property:P856,unknown,0,,resolved,carhartt,,
carl-walther-gmbh,carl-walther.com,primary_website,false,wikidata,https://www.wikidata.org/wiki/Property:P856,unknown,0,,resolved,carl-walther-gmbh,,
carlsberg-group,carlsberggroup.com,primary_website,false,wikidata,https://www.wikidata.org/wiki/Property:P856,unknown,0,,resolved,carlsberg-group,,
carl-s-jr,carlsjr.com,primary_website,false,wikidata,https://www.wikidata.org/wiki/Property:P856,unknown,0,,resolved,carl-s-jr,,
carlson,carlson.com,primary_website,false,wikidata,https://www.wikidata.org/wiki/Property:P856,unknown,0,,resolved,carlson,,
carlyle-group,carlyle.com,primary_website,false,wikidata,https://www.wikidata.org/wiki/Property:P856,unknown,0,,resolved,carlyle-group,,
carnival-corporation,carnivalcorp.com,primary_website,false,wikidata,https://www.wikidata.org/wiki/Property:P856,unknown,0,,resolved,carnival-corporation,,
carpatair,carpatair.com,primary_website,false,wikidata,https://www.wikidata.org/wiki/Property:P856,unknown,0,,resolved,carpatair,,
carphone-warehouse,carphonewarehouse.com,primary_website,false,wikidata,https://www.wikidata.org/wiki/Property:P856,unknown,0,,resolved,carphone-warehouse,,
carrefour,carrefour.com,primary_website,false,wikidata,https://www.wikidata.org/wiki/Property:P856,unknown,0,,resolved,carrefour,,
carrier,carrier.com,primary_website,false,wikidata,https://www.wikidata.org/wiki/Property:P856,unknown,0,,resolved,carrier,,
case-ih,caseih.com,primary_website,false,wikidata,https://www.wikidata.org/wiki/Property:P856,unknown,0,,resolved,case-ih,,
cash-app,cash.app,primary_website,false,wikidata,https://www.wikidata.org/wiki/Property:P856,unknown,0,,resolved,cash-app,,
cashfree-payments,cashfree.com,primary_website,false,wikidata,https://www.wikidata.org/wiki/Property:P856,unknown,0,,resolved,cashfree-payments,,
casio,casio.com,primary_website,false,wikidata,https://www.wikidata.org/wiki/Property:P856,unknown,0,,resolved,casio,,
cassina-s-p-a,cassina.com,primary_website,false,wikidata,https://www.wikidata.org/wiki/Property:P856,unknown,0,,resolved,cassina-s-p-a,,
castore,castore.com,primary_website,false,wikidata,https://www.wikidata.org/wiki/Property:P856,unknown,0,,resolved,castore,,
castrol,castrol.com,primary_website,false,wikidata,https://www.wikidata.org/wiki/Property:P856,unknown,0,,resolved,castrol,,
caterpillar,cat.com,primary_website,false,wikidata,https://www.wikidata.org/wiki/Property:P856,unknown,0,,resolved,caterpillar,,
caterham-cars,caterhamcars.com,primary_website,false,wikidata,https://www.wikidata.org/wiki/Property:P856,unknown,0,,resolved,caterham-cars,,
caterpillar,caterpillar.com,primary_website,false,wikidata,https://www.wikidata.org/wiki/Property:P856,unknown,0,,resolved,caterpillar,,
cathay-pacific,cathaypacific.com,primary_website,false,wikidata,https://www.wikidata.org/wiki/Property:P856,unknown,0,,resolved,cathay-pacific,,
cavok-air,cavok.aero,primary_website,false,wikidata,https://www.wikidata.org/wiki/Property:P856,unknown,0,,resolved,cavok-air,,
cayman-airways,caymanairways.com,primary_website,false,wikidata,https://www.wikidata.org/wiki/Property:P856,unknown,0,,resolved,cayman-airways,,
canadian-bank-note-company,cbnco.com,primary_website,false,wikidata,https://www.wikidata.org/wiki/Property:P856,unknown,0,,resolved,canadian-bank-note-company,,
chicago-board-options-exchange,cboe.com,primary_website,false,wikidata,https://www.wikidata.org/wiki/Property:P856,unknown,0,,resolved,chicago-board-options-exchange,,
chicago-board-of-trade,cbot.com,primary_website,false,wikidata,https://www.wikidata.org/wiki/Property:P856,unknown,0,,resolved,chicago-board-of-trade,,
cbr,cbr.com,primary_website,false,wikidata,https://www.wikidata.org/wiki/Property:P856,unknown,0,,resolved,cbr,,
cbre-group,cbre.com,primary_website,false,wikidata,https://www.wikidata.org/wiki/Property:P856,unknown,0,,resolved,cbre-group,,
china-construction-bank,ccb.com,primary_website,false,wikidata,https://www.wikidata.org/wiki/Property:P856,unknown,0,,resolved,china-construction-bank,,
ccm,ccmhockey.com,primary_website,false,wikidata,https://www.wikidata.org/wiki/Property:P856,unknown,0,,resolved,ccm,,
cd-projekt,cdprojekt.com,primary_website,false,wikidata,https://www.wikidata.org/wiki/Property:P856,unknown,0,,resolved,cd-projekt,,
cdw,cdw.com,primary_website,false,wikidata,https://www.wikidata.org/wiki/Property:P856,unknown,0,,resolved,cdw,,
china-eastern-airlines,ceair.com,primary_website,false,wikidata,https://www.wikidata.org/wiki/Property:P856,unknown,0,,resolved,china-eastern-airlines,,
ceat,ceat.com,primary_website,false,wikidata,https://www.wikidata.org/wiki/Property:P856,unknown,0,,resolved,ceat,,
cebu-pacific,cebupacificair.com,primary_website,false,wikidata,https://www.wikidata.org/wiki/Property:P856,unknown,0,,resolved,cebu-pacific,,
celanese-corporation,celanese.com,primary_website,false,wikidata,https://www.wikidata.org/wiki/Property:P856,unknown,0,,resolved,celanese-corporation,,
celcomdigi,celcomdigi.com,primary_website,false,wikidata,https://www.wikidata.org/wiki/Property:P856,unknown,0,,resolved,celcomdigi,,
celebrity-cruises,celebritycruises.com,primary_website,false,wikidata,https://www.wikidata.org/wiki/Property:P856,unknown,0,,resolved,celebrity-cruises,,
celestica,celestica.com,primary_website,false,wikidata,https://www.wikidata.org/wiki/Property:P856,unknown,0,,resolved,celestica,,
celestron,celestron.com,primary_website,false,wikidata,https://www.wikidata.org/wiki/Property:P856,unknown,0,,resolved,celestron,,
celgene,celgene.com,primary_website,false,wikidata,https://www.wikidata.org/wiki/Property:P856,unknown,0,,resolved,celgene,,
cellcom-israel-ltd,cellcom.co.il,primary_website,false,wikidata,https://www.wikidata.org/wiki/Property:P856,unknown,0,,resolved,cellcom-israel-ltd,,
cellebrite,cellebrite.com,primary_website,false,wikidata,https://www.wikidata.org/wiki/Property:P856,unknown,0,,resolved,cellebrite,,
cellnex-telecom,cellnex.com,primary_website,false,wikidata,https://www.wikidata.org/wiki/Property:P856,unknown,0,,resolved,cellnex-telecom,,
celonis,celonis.com,primary_website,false,wikidata,https://www.wikidata.org/wiki/Property:P856,unknown,0,,resolved,celonis,,
cemair,cemair.co.za,primary_website,false,wikidata,https://www.wikidata.org/wiki/Property:P856,unknown,0,,resolved,cemair,,
cemex,cemex.com,primary_website,false,wikidata,https://www.wikidata.org/wiki/Property:P856,unknown,0,,resolved,cemex,,
cencora,cencora.com,primary_website,false,wikidata,https://www.wikidata.org/wiki/Property:P856,unknown,0,,resolved,cencora,,
cencosud,cencosud.com,primary_website,false,wikidata,https://www.wikidata.org/wiki/Property:P856,unknown,0,,resolved,cencosud,,
cengage-group,cengagegroup.com,primary_website,false,wikidata,https://www.wikidata.org/wiki/Property:P856,unknown,0,,resolved,cengage-group,,
centerra-gold,centerragold.com,primary_website,false,wikidata,https://www.wikidata.org/wiki/Property:P856,unknown,0,,resolved,centerra-gold,,
central-group,centralgroup.com,primary_website,false,wikidata,https://www.wikidata.org/wiki/Property:P856,unknown,0,,resolved,central-group,,
centrica,centrica.com,primary_website,false,wikidata,https://www.wikidata.org/wiki/Property:P856,unknown,0,,resolved,centrica,,
cerberus-capital-management,cerberuscapital.com,primary_website,false,wikidata,https://www.wikidata.org/wiki/Property:P856,unknown,0,,resolved,cerberus-capital-management,,
cerner,cerner.com,primary_website,false,wikidata,https://www.wikidata.org/wiki/Property:P856,unknown,0,,resolved,cerner,,
cerruti-1881,cerruti.com,primary_website,false,wikidata,https://www.wikidata.org/wiki/Property:P856,unknown,0,,resolved,cerruti-1881,,
certina-kurth-fr-res,certina.com,primary_website,false,wikidata,https://www.wikidata.org/wiki/Property:P856,unknown,0,,resolved,certina-kurth-fr-res,,
cerwin-vega,cerwinvega.com,primary_website,false,wikidata,https://www.wikidata.org/wiki/Property:P856,unknown,0,,resolved,cerwin-vega,,
ceva-logistics,cevalogistics.com,primary_website,false,wikidata,https://www.wikidata.org/wiki/Property:P856,unknown,0,,resolved,ceva-logistics,,
cf-industries,cfindustries.com,primary_website,false,wikidata,https://www.wikidata.org/wiki/Property:P856,unknown,0,,resolved,cf-industries,,
cf-moto,cfmoto.com,primary_website,false,wikidata,https://www.wikidata.org/wiki/Property:P856,unknown,0,,resolved,cf-moto,,
cgi-group,cgi.com,primary_website,false,wikidata,https://www.wikidata.org/wiki/Property:P856,unknown,0,,resolved,cgi-group,,
cham-wings-airlines,chamwings.com,primary_website,false,wikidata,https://www.wikidata.org/wiki/Property:P856,unknown,0,,resolved,cham-wings-airlines,,
chanel,chanel.com,primary_website,false,wikidata,https://www.wikidata.org/wiki/Property:P856,unknown,0,,resolved,chanel,,
changhe-aircraft-industries-corporation,changhe.com,primary_website,false,wikidata,https://www.wikidata.org/wiki/Property:P856,unknown,0,,resolved,changhe-aircraft-industries-corporation,,
changhe,changheauto.com,primary_website,false,wikidata,https://www.wikidata.org/wiki/Property:P856,unknown,0,,resolved,changhe,,
changhong,changhong.com,primary_website,false,wikidata,https://www.wikidata.org/wiki/Property:P856,unknown,0,,resolved,changhong,,
chan-zuckerberg-initiative,chanzuckerberg.com,primary_website,false,wikidata,https://www.wikidata.org/wiki/Property:P856,unknown,0,,resolved,chan-zuckerberg-initiative,,
chaosium,chaosium.com,primary_website,false,wikidata,https://www.wikidata.org/wiki/Property:P856,unknown,0,,resolved,chaosium,,
chargebee,chargebee.com,primary_website,false,wikidata,https://www.wikidata.org/wiki/Property:P856,unknown,0,,resolved,chargebee,,
charter-communications,charter.com,primary_website,false,wikidata,https://www.wikidata.org/wiki/Property:P856,unknown,0,,resolved,charter-communications,,
chase-bank,chase.com,primary_website,false,wikidata,https://www.wikidata.org/wiki/Property:P856,unknown,0,,resolved,chase-bank,,
chatime,chatimejapan.com,primary_website,false,wikidata,https://www.wikidata.org/wiki/Property:P856,unknown,0,,resolved,chatime,,
checkout-com,checkout.com,primary_website,false,wikidata,https://www.wikidata.org/wiki/Property:P856,unknown,0,,resolved,checkout-com,,
check-point,checkpoint.com,primary_website,false,wikidata,https://www.wikidata.org/wiki/Property:P856,unknown,0,,resolved,check-point,,
chery,cheryinternational.com,primary_website,false,wikidata,https://www.wikidata.org/wiki/Property:P856,unknown,0,,resolved,chery,,
chess-com,chess.com,primary_website,false,wikidata,https://www.wikidata.org/wiki/Property:P856,unknown,0,,resolved,chess-com,,
chessbase,chessbase.com,primary_website,false,wikidata,https://www.wikidata.org/wiki/Property:P856,unknown,0,,resolved,chessbase,,
chevron-corporation,chevron.com,primary_website,false,wikidata,https://www.wikidata.org/wiki/Property:P856,unknown,0,,resolved,chevron-corporation,,
chime,chime.com,primary_website,false,wikidata,https://www.wikidata.org/wiki/Property:P856,unknown,0,,resolved,chime,,
chimei-corporation,chimeicorp.com,primary_website,false,wikidata,https://www.wikidata.org/wiki/Property:P856,unknown,0,,resolved,chimei-corporation,,
china-airlines,china-airlines.com,primary_website,false,wikidata,https://www.wikidata.org/wiki/Property:P856,unknown,0,,resolved,china-airlines,,
china-express-airlines,chinaexpressair.com,primary_website,false,wikidata,https://www.wikidata.org/wiki/Property:P856,unknown,0,,resolved,china-express-airlines,,
china-telecom,chinatelecom-h.com,primary_website,false,wikidata,https://www.wikidata.org/wiki/Property:P856,unknown,0,,resolved,china-telecom,,
china-xinhua-airlines,chinaxinhuaair.com,primary_website,false,wikidata,https://www.wikidata.org/wiki/Property:P856,unknown,0,,resolved,china-xinhua-airlines,,
chipotle-mexican-grill,chipotle.com,primary_website,false,wikidata,https://www.wikidata.org/wiki/Property:P856,unknown,0,,resolved,chipotle-mexican-grill,,
chiquita-brands-international,chiquita.com,primary_website,false,wikidata,https://www.wikidata.org/wiki/Property:P856,unknown,0,,resolved,chiquita-brands-international,,
chisso,chisso.co.jp,primary_website,false,wikidata,https://www.wikidata.org/wiki/Property:P856,unknown,0,,resolved,chisso,,
chobani,chobani.com,primary_website,false,wikidata,https://www.wikidata.org/wiki/Property:P856,unknown,0,,resolved,chobani,,
choice-hotels,choicehotels.com,primary_website,false,wikidata,https://www.wikidata.org/wiki/Property:P856,unknown,0,,resolved,choice-hotels,,
chowking,chowkingusa.com,primary_website,false,wikidata,https://www.wikidata.org/wiki/Property:P856,unknown,0,,resolved,chowking,,
c-h-robinson-worldwide,chrobinson.com,primary_website,false,wikidata,https://www.wikidata.org/wiki/Property:P856,unknown,0,,resolved,c-h-robinson-worldwide,,
chs-inc,chsinc.com,primary_website,false,wikidata,https://www.wikidata.org/wiki/Property:P856,unknown,0,,resolved,chs-inc,,
chubb-corp,chubb.com,primary_website,false,wikidata,https://www.wikidata.org/wiki/Property:P856,unknown,0,,resolved,chubb-corp,,
chuck-e-cheese,chuckecheese.com,primary_website,false,wikidata,https://www.wikidata.org/wiki/Property:P856,unknown,0,,resolved,chuck-e-cheese,,
chupa-chups,chupachups.com,primary_website,false,wikidata,https://www.wikidata.org/wiki/Property:P856,unknown,0,,resolved,chupa-chups,,
chuwi-company,chuwi.com,primary_website,false,wikidata,https://www.wikidata.org/wiki/Property:P856,unknown,0,,resolved,chuwi-company,,
ci-games-s-a,cigames.com,primary_website,false,wikidata,https://www.wikidata.org/wiki/Property:P856,unknown,0,,resolved,ci-games-s-a,,
cigna,cigna.com,primary_website,false,wikidata,https://www.wikidata.org/wiki/Property:P856,unknown,0,,resolved,cigna,,
cimb-group,cimb.com,primary_website,false,wikidata,https://www.wikidata.org/wiki/Property:P856,unknown,0,,resolved,cimb-group,,
cineflix,cineflix.com,primary_website,false,wikidata,https://www.wikidata.org/wiki/Property:P856,unknown,0,,resolved,cineflix,,
cinemark,cinemark.com,primary_website,false,wikidata,https://www.wikidata.org/wiki/Property:P856,unknown,0,,resolved,cinemark,,
cineworld,cineworld.co.uk,primary_website,false,wikidata,https://www.wikidata.org/wiki/Property:P856,unknown,0,,resolved,cineworld,,
cipla,cipla.com,primary_website,false,wikidata,https://www.wikidata.org/wiki/Property:P856,unknown,0,,resolved,cipla,,
cipsoft-gmbh,cipsoft.com,primary_website,false,wikidata,https://www.wikidata.org/wiki/Property:P856,unknown,0,,resolved,cipsoft-gmbh,,
circle,circle.com,primary_website,false,wikidata,https://www.wikidata.org/wiki/Property:P856,unknown,0,,resolved,circle,,
circuit-city-stores,circuitcity.com,primary_website,false,wikidata,https://www.wikidata.org/wiki/Property:P856,unknown,0,,resolved,circuit-city-stores,,
cirrus-logic,cirrus.com,primary_website,false,wikidata,https://www.wikidata.org/wiki/Property:P856,unknown,0,,resolved,cirrus-logic,,
cisco,cisco.com,primary_website,false,wikidata,https://www.wikidata.org/wiki/Property:P856,unknown,0,,resolved,cisco,,
cit-group,cit.com,primary_website,false,wikidata,https://www.wikidata.org/wiki/Property:P856,unknown,0,,resolved,cit-group,,
citadel-llc,citadel.com,primary_website,false,wikidata,https://www.wikidata.org/wiki/Property:P856,unknown,0,,resolved,citadel-llc,,
citgo,citgo.com,primary_website,false,wikidata,https://www.wikidata.org/wiki/Property:P856,unknown,0,,resolved,citgo,,
citibank,citi.com,primary_website,false,wikidata,https://www.wikidata.org/wiki/Property:P856,unknown,0,,resolved,citibank,,
citic-limited,citic.com,primary_website,false,wikidata,https://www.wikidata.org/wiki/Property:P856,unknown,0,,resolved,citic-limited,,
citigroup,citigroup.com,primary_website,false,wikidata,https://www.wikidata.org/wiki/Property:P856,unknown,0,,resolved,citigroup,,
citilink,citilink.co.id,primary_website,false,wikidata,https://www.wikidata.org/wiki/Property:P856,unknown,0,,resolved,citilink,,
citizen-watch,citizen.co.jp,primary_website,false,wikidata,https://www.wikidata.org/wiki/Property:P856,unknown,0,,resolved,citizen-watch,,
citrix-systems,citrix.com,primary_website,false,wikidata,https://www.wikidata.org/wiki/Property:P856,unknown,0,,resolved,citrix-systems,,
city-football-group,cityfootballgroup.com,primary_website,false,wikidata,https://www.wikidata.org/wiki/Property:P856,unknown,0,,resolved,city-football-group,,
cityjet,cityjet.com,primary_website,false,wikidata,https://www.wikidata.org/wiki/Property:P856,unknown,0,,resolved,cityjet,,
cj-enm,cjenm.com,primary_website,false,wikidata,https://www.wikidata.org/wiki/Property:P856,unknown,0,,resolved,cj-enm,,
claas,claas.com,primary_website,false,wikidata,https://www.wikidata.org/wiki/Property:P856,unknown,0,,resolved,claas,,
clariant,clariant.com,primary_website,false,wikidata,https://www.wikidata.org/wiki/Property:P856,unknown,0,,resolved,clariant,,
clarion,clarion.com,primary_website,false,wikidata,https://www.wikidata.org/wiki/Property:P856,unknown,0,,resolved,clarion,,
claris,claris.com,primary_website,false,wikidata,https://www.wikidata.org/wiki/Property:P856,unknown,0,,resolved,claris,,
clarivate,clarivate.com,primary_website,false,wikidata,https://www.wikidata.org/wiki/Property:P856,unknown,0,,resolved,clarivate,,
clearstream,clearstream.com,primary_website,false,wikidata,https://www.wikidata.org/wiki/Property:P856,unknown,0,,resolved,clearstream,,
cleartax,cleartax.in,primary_website,false,wikidata,https://www.wikidata.org/wiki/Property:P856,unknown,0,,resolved,cleartax,,
cleartrip,cleartrip.com,primary_website,false,wikidata,https://www.wikidata.org/wiki/Property:P856,unknown,0,,resolved,cleartrip,,
clevertap,clevertap.com,primary_website,false,wikidata,https://www.wikidata.org/wiki/Property:P856,unknown,0,,resolved,clevertap,,
clickteam,clickteam.com,primary_website,false,wikidata,https://www.wikidata.org/wiki/Property:P856,unknown,0,,resolved,clickteam,,
clifford-chance,cliffordchance.com,primary_website,false,wikidata,https://www.wikidata.org/wiki/Property:P856,unknown,0,,resolved,clifford-chance,,
clinique-laboratories-llc,clinique.com,primary_website,false,wikidata,https://www.wikidata.org/wiki/Property:P856,unknown,0,,resolved,clinique-laboratories-llc,,
cloudera,cloudera.com,primary_website,false,wikidata,https://www.wikidata.org/wiki/Property:P856,unknown,0,,resolved,cloudera,,
cloudflare,cloudflare.com,primary_website,false,wikidata,https://www.wikidata.org/wiki/Property:P856,unknown,0,,resolved,cloudflare,,
clp-group,clpgroup.com,primary_website,false,wikidata,https://www.wikidata.org/wiki/Property:P856,unknown,0,,resolved,clp-group,,
china-merchants-bank,cmbchina.com,primary_website,false,wikidata,https://www.wikidata.org/wiki/Property:P856,unknown,0,,resolved,china-merchants-bank,,
chicago-mercantile-exchange,cme.com,primary_website,false,wikidata,https://www.wikidata.org/wiki/Property:P856,unknown,0,,resolved,chicago-mercantile-exchange,,
cme-group,cmegroup.com,primary_website,false,wikidata,https://www.wikidata.org/wiki/Property:P856,unknown,0,,resolved,cme-group,,
cmoc-group-limited,cmoc.com,primary_website,false,wikidata,https://www.wikidata.org/wiki/Property:P856,unknown,0,,resolved,cmoc-group-limited,,
cnh-industrial,cnh.com,primary_website,false,wikidata,https://www.wikidata.org/wiki/Property:P856,unknown,0,,resolved,cnh-industrial,,
coach,coach.com,primary_website,false,wikidata,https://www.wikidata.org/wiki/Property:P856,unknown,0,,resolved,coach,,
coal-india,coalindia.in,primary_website,false,wikidata,https://www.wikidata.org/wiki/Property:P856,unknown,0,,resolved,coal-india,,
coats-plc,coats.com,primary_website,false,wikidata,https://www.wikidata.org/wiki/Property:P856,unknown,0,,resolved,coats-plc,,
cobra-beer,cobrabeer.com,primary_website,false,wikidata,https://www.wikidata.org/wiki/Property:P856,unknown,0,,resolved,cobra-beer,,
coca-cola-hbc,coca-colahellenic.com,primary_website,false,wikidata,https://www.wikidata.org/wiki/Property:P856,unknown,0,,resolved,coca-cola-hbc,,
cochin-shipyard,cochinshipyard.com,primary_website,false,wikidata,https://www.wikidata.org/wiki/Property:P856,unknown,0,,resolved,cochin-shipyard,,
codecademy,codecademy.com,primary_website,false,wikidata,https://www.wikidata.org/wiki/Property:P856,unknown,0,,resolved,codecademy,,
codegear,codegear.com,primary_website,false,wikidata,https://www.wikidata.org/wiki/Property:P856,unknown,0,,resolved,codegear,,
codelco,codelco.com,primary_website,false,wikidata,https://www.wikidata.org/wiki/Property:P856,unknown,0,,resolved,codelco,,
china-ocean-shipping-co-ltd,coscoshipping.com,primary_website,false,wikidata,https://www.wikidata.org/wiki/Property:P856,unknown,0,,resolved,china-ocean-shipping-co-ltd,,
charoen-pokphand-foods,cpfworldwide.com,primary_website,false,wikidata,https://www.wikidata.org/wiki/Property:P856,unknown,0,,resolved,charoen-pokphand-foods,,
a-t-cross-company,cross.com,primary_website,false,wikidata,https://www.wikidata.org/wiki/Property:P856,unknown,0,,resolved,a-t-cross-company,,
china-southern-airlines,csair.com,primary_website,false,wikidata,https://www.wikidata.org/wiki/Property:P856,unknown,0,,resolved,china-southern-airlines,,
christian-dior,dior.com,primary_website,false,wikidata,https://www.wikidata.org/wiki/Property:P856,unknown,0,,resolved,christian-dior,,
alfred-dunhill,dunhill.com,primary_website,false,wikidata,https://www.wikidata.org/wiki/Property:P856,unknown,0,,resolved,alfred-dunhill,,
facebook,facebook.com,brand,false,curated,https://www.wikidata.org/wiki/Q380,low,1,external_reputable,resolved,facebook,,
meta-platforms,fb.com,corporate_email,false,curated,https://www.wikidata.org/wiki/Q380,medium,2,first_party_document;mx_record,resolved,meta-platforms,,
airlink,flyairlink.com,primary_website,false,wikidata,https://www.wikidata.org/wiki/Property:P856,unknown,0,,resolved,airlink,,
air-north,flyairnorth.com,primary_website,false,wikidata,https://www.wikidata.org/wiki/Property:P856,unknown,0,,resolved,air-north,,
air-peace,flyairpeace.com,primary_website,false,wikidata,https://www.wikidata.org/wiki/Property:P856,unknown,0,,resolved,air-peace,,
air-senegal,flyairsenegal.com,primary_website,false,wikidata,https://www.wikidata.org/wiki/Property:P856,unknown,0,,resolved,air-senegal,,
air-seoul,flyairseoul.com,primary_website,false,wikidata,https://www.wikidata.org/wiki/Property:P856,unknown,0,,resolved,air-seoul,,
air-sinai,flyairsinai.com,primary_website,false,wikidata,https://www.wikidata.org/wiki/Property:P856,unknown,0,,resolved,air-sinai,,
ariana-afghan-airlines,flyariana.com,primary_website,false,wikidata,https://www.wikidata.org/wiki/Property:P856,unknown,0,,resolved,ariana-afghan-airlines,,
asiana-airlines,flyasiana.com,primary_website,false,wikidata,https://www.wikidata.org/wiki/Property:P856,unknown,0,,resolved,asiana-airlines,,
china-united-airlines,flycua.com,primary_website,false,wikidata,https://www.wikidata.org/wiki/Property:P856,unknown,0,,resolved,china-united-airlines,,
assicurazioni-generali,generali.com,primary_website,false,wikidata,https://www.wikidata.org/wiki/Property:P856,unknown,0,,resolved,assicurazioni-generali,,
abb-group,global.abb,primary_website,false,wikidata,https://www.wikidata.org/wiki/Property:P856,unknown,0,,resolved,abb-group,,
brother-industries,global.brother,primary_website,false,wikidata,https://www.wikidata.org/wiki/Property:P856,unknown,0,,resolved,brother-industries,,
canon,global.canon,primary_website,false,wikidata,https://www.wikidata.org/wiki/Property:P856,unknown,0,,resolved,canon,,
changan-automobile,globalchangan.com,primary_website,false,wikidata,https://www.wikidata.org/wiki/Property:P856,unknown,0,,resolved,changan-automobile,,
google,google.com,corporate_email,false,curated,https://www.wikidata.org/wiki/Q95,medium,2,first_party_legal_page;mx_record,resolved,google,,
hdfc-bank,hdfcbank.com,corporate_email,false,curated,https://www.wikidata.org/wiki/Q1034255,low,2,first_party_legal_page;mx_record,resolved,hdfc-bank,,
hsbc,hsbc.co.uk,regional,false,curated,https://www.wikidata.org/wiki/Q190464,low,1,first_party_legal_page,resolved,hsbc,,
hsbc,hsbc.com,corporate_email,false,curated,https://www.wikidata.org/wiki/Q190464,low,2,first_party_legal_page;mx_record,resolved,hsbc,,
hsbc,hsbc.com.hk,regional,false,curated,https://www.wikidata.org/wiki/Q190464,low,1,external_reputable,resolved,hsbc,,
iit-bombay,iitb.ac.in,corporate_email,false,curated,https://www.wikidata.org/wiki/Q174461,low,1,first_party_role_address,resolved,iit-bombay,,
instagram,instagram.com,brand,false,curated,https://www.wikidata.org/wiki/Q209330,low,1,external_reputable,resolved,instagram,,
central-japan-railway-company,jr-central.co.jp,primary_website,false,wikidata,https://www.wikidata.org/wiki/Property:P856,unknown,0,,resolved,central-japan-railway-company,,
books-kinokuniya,kinokuniya.com,primary_website,false,wikidata,https://www.wikidata.org/wiki/Property:P856,unknown,0,,resolved,books-kinokuniya,,
champagne-krug,krug.com,primary_website,false,wikidata,https://www.wikidata.org/wiki/Property:P856,unknown,0,,resolved,champagne-krug,,
amazon-lab126,lab126.com,primary_website,false,wikidata,https://www.wikidata.org/wiki/Property:P856,unknown,0,,resolved,amazon-lab126,,
bank-leumi-le-israel-b-m,leumi.co.il,primary_website,false,wikidata,https://www.wikidata.org/wiki/Property:P856,unknown,0,,resolved,bank-leumi-le-israel-b-m,,
air-madagascar,madagascarairlines.com,primary_website,false,wikidata,https://www.wikidata.org/wiki/Property:P856,unknown,0,,resolved,air-madagascar,,
meta-platforms,meta.com,primary_website,false,curated,https://www.wikidata.org/wiki/Q380,low,1,external_reputable,resolved,meta-platforms,,
azovstal,metinvestholding.com,primary_website,false,wikidata,https://www.wikidata.org/wiki/Property:P856,unknown,0,,resolved,azovstal,,
microsoft,microsoft.co.uk,regional,false,curated,https://www.wikidata.org/wiki/Q2283,low,1,external_reputable,resolved,microsoft,,
microsoft,microsoft.com,corporate_email,false,curated,https://www.wikidata.org/wiki/Q2283,high,2,first_party_document;first_party_legal_page,resolved,microsoft,,
carlson-wagonlit-travel,mycwt.com,primary_website,false,wikidata,https://www.wikidata.org/wiki/Property:P856,unknown,0,,resolved,carlson-wagonlit-travel,,
porsche,porsche.com,corporate_email,false,curated,https://www.wikidata.org/wiki/Q179562,low,2,first_party_legal_page;mx_record,resolved,porsche,,
banco-santander,santander.com,primary_website,false,wikidata,https://www.wikidata.org/wiki/Property:P856,unknown,0,,resolved,banco-santander,,
charles-schwab,schwab.com,primary_website,false,wikidata,https://www.wikidata.org/wiki/Property:P856,unknown,0,,resolved,charles-schwab,,
tata-sons,tata.com,corporate_email,false,curated,https://www.wikidata.org/wiki/Q1814614,low,2,first_party_legal_page;mx_record,resolved,tata-sons,,
tata-motors,tatamotors.com,corporate_email,false,curated,https://www.wikidata.org/wiki/Q188875,low,1,first_party_careers_contact,resolved,tata-motors,,
tata-consultancy-services,tcs.com,corporate_email,false,curated,https://www.wikidata.org/wiki/Q638633,medium,2,first_party_careers_contact;mx_record,resolved,tata-consultancy-services,,
academi,theacademi.org,primary_website,false,wikidata,https://www.wikidata.org/wiki/Property:P856,unknown,0,,resolved,academi,,
clorox,thecloroxcompany.com,primary_website,false,wikidata,https://www.wikidata.org/wiki/Property:P856,unknown,0,,resolved,clorox,,
bennett-coleman-co,timesofindia.com,primary_website,false,wikidata,https://www.wikidata.org/wiki/Property:P856,unknown,0,,resolved,bennett-coleman-co,,
volkswagen-group,volkswagen-group.com,primary_website,false,curated,https://www.wikidata.org/wiki/Q156578,low,1,external_reputable,resolved,volkswagen-group,,
volkswagen-group,volkswagen.com,primary_website,false,wikidata,https://www.wikidata.org/wiki/Property:P856,unknown,0,,resolved,volkswagen-group,,
volkswagen-group,volkswagen.de,corporate_email,false,curated,https://www.wikidata.org/wiki/Q156578,low,2,first_party_legal_page;mx_record,resolved,volkswagen-group,,
ab-volvo,volvogroup.com,primary_website,false,wikidata,https://www.wikidata.org/wiki/Property:P856,unknown,0,,resolved,ab-volvo,,
whatsapp,whatsapp.com,primary_website,false,curated,https://www.wikidata.org/wiki/Q10686,low,1,external_reputable,resolved,whatsapp,,
antonio-zamperla-s-p-a,zamperla.com,primary_website,false,wikidata,https://www.wikidata.org/wiki/Property:P856,unknown,0,,resolved,antonio-zamperla-s-p-a,,
carl-zeiss-ag,zeiss.com,primary_website,false,wikidata,https://www.wikidata.org/wiki/Property:P856,unknown,0,,resolved,carl-zeiss-ag,,
avedis-zildjian-company,zildjian.com,primary_website,false,wikidata,https://www.wikidata.org/wiki/Property:P856,unknown,0,,resolved,avedis-zildjian-company,,
